,Unnamed: 0.1,Unnamed: 0,MCT_NM,naver_keyword,naver_map_url,menu_list
0,0,0,젠,제주도%20젠,https://m.place.naver.com/restaurant/36333194/menu/list,"챠롱박스, 산방산 돔 파스타"
1,1,1,3657,제주도%203657,https://m.place.naver.com/restaurant/37236930/menu/list,"존중동 1층, 존중동 2층, 감사동 1층, 감사동 2층"
2,2,2,가치,제주도%20가치,https://m.place.naver.com/restaurant/1196572041/menu/list,"가이세키오마카세, 모둠사시미2인, 문어튀김과카다이프, 후토마끼, 히야시 토마토, 모듬사시미 3인, 사시미슈토아에, 새우크림고로케, 사시미 모리아와세 2인, 사시미 슈토아에, 사바 와라야끼, 마구로 타르타르, 제주 은갈치 후라이, 사시미 모리아와세 3인, 딱새우 크림 고로케"
3,3,3,곰막,제주도%20곰막,https://m.place.naver.com/restaurant/31204698/menu/list,"회국수, 고등어회, 전복회, 다금바리 1kg(자연), 성게국수, 회덮밥, 고등어구이, 활우럭탕, 활전복죽, 대가리구이, 가마솥밥, 산낙지, 활한치국수, 물회, 넙치/광어"
4,4,4,너븐,제주도%20너븐,https://m.place.naver.com/restaurant/1274239322/menu/list,아메리카노
5,5,5,당당,제주도%20당당,https://m.place.naver.com/restaurant/1589162775/menu/list,"당당수플레, 브런치수플레, 아메리카노, 카페라떼, 초코라떼, 푸릇, 영글, 달콤, 당당크림라떼, 감자스프와브리오슈, 버섯트러플파스타, 토마토라구감자뇨끼"
6,6,6,도렐,제주도%20도렐,https://m.place.naver.com/restaurant/525595743/menu/list,"쑥하리, Nutty Cloud, Caffe Espresso, Dorrell Mocha, 아메리카노, 코르타도, 라떼, 카푸치노, 바닐라라떼, 체리조, 하우스블렌드, 싱글, 콜드브루, 아쌈, 얼그레이"
7,7,7,먹돌,제주도%20먹돌,https://m.place.naver.com/restaurant/1131737857/menu/list,"먹돌 흑돼지 육전 (소), 뼈대 있는 한방 국밥, 제주 고기국수, 제주비빔국수, 뿔소라문어무침, 돔배고기 (소), 톳한치물회국수, 먹돌 흑돼지 육전(대), 돔배고기 (대)"
8,8,8,빵귿,제주도%20빵귿,https://m.place.naver.com/restaurant/320930171/menu/list,"시오빵, 올리브식빵, 치아바타, 앙버터 치아바타, 크로와상"
9,9,9,신관,제주도%20신관,https://m.place.naver.com/restaurant/31761975/menu/list,
10,10,10,아리,제주도%20아리,https://m.place.naver.com/restaurant/1064483025/menu/list,"아리텐동, 에비텐동, 아나고텐동, 아리스시, 아리우동, 아리소바, 소주, 맥주, 아사히, 새우튀김 1마리, 붕장어튀김 1마리, 온천계란 1개"
11,11,11,연돈,제주도%20연돈,https://m.place.naver.com/restaurant/1152651433/menu/list,"연돈볼카츠[단품-1개], 치즈볼카츠, 감귤오름, 한라봉 감귤쥬스, 생맥주[500cc], 연돈볼카츠[박스-5개]"
12,12,12,오라,제주도%20오라,https://m.place.naver.com/restaurant/1661243752/menu/list,
13,13,13,우무,제주도%20우무,https://m.place.naver.com/restaurant/1537940586/menu/list,"커스터드 푸딩, 말차 푸딩, 초코 푸딩, 얼그레이 푸딩 (시즌), 구좌당근푸딩 (시즌), 우무 땅콩 쿠키"
14,14,14,주비,제주도%20주비,https://m.place.naver.com/restaurant/1236752139/menu/list,"돌집 독채 /4인/평일, 돌집 독채/2인특별가/평일, 별채.앨리스 독채/2인/평일"
15,15,15,치꼬,제주도%20치꼬,https://m.place.naver.com/restaurant/1249238360/menu/list,"까르니따스 타코 1인분 2PSC, 까르니따스 밀키트 3인분기준(7조각), 초리조 타코 1인분 2PCS, 새우 타코 1인분 2PCS, 도세끼스 라거, 호세 쿠엘보 (더블샷), 하리토스 멕시코 탄산음료"
16,16,16,크림,제주도%20크림,https://m.place.naver.com/restaurant/1251032328/menu/list,"크림 소다 에이드, 에스프레소, 알롱제, 아메리카노, 플랫화이트, 카페라떼, 카페라떼 허니바닐라, 제주 유기농 말차라떼, 비엔나 커피, (한라봉/청포도/레몬/자몽)소다 에이드, (한라봉/곡물미숫가루/청보리 엿기름 식혜/유자차/레몬차)주스, 제주 우유, 얼그레이 리저브 티, 망고 멜랑 티, 세레니티 티"
17,17,17,풍로,제주도%20풍로,https://m.place.naver.com/restaurant/1818213544/menu/list,"부타카세, 단품메뉴"
18,18,18,피즈,제주도%20피즈,https://m.place.naver.com/restaurant/1648347549/menu/list,"아메리칸버거, 피즈버거, 치즈갈릭감자튀김, 더블버거, 치즈버거, 불고기버거, 핫치킨버거, 오지치즈감자튀김, 오리지널감자튀김, 바닐라쉐이크, 땅콩쉐이크, 제주감귤주스, 핫윙(6pcs), 해쉬브라운(2pcs), 내쉬빌치킨"
19,19,19,하찌,제주도%20하찌,https://m.place.naver.com/restaurant/1840782568/menu/list,오마카세
20,20,20,해왓,제주도%20해왓,https://m.place.naver.com/restaurant/1018684874/menu/list,"💙대표메뉴 : 제주갈치조림 (中), 💙대표메뉴 : 제주우럭조림 (中), 💙대표메뉴 : 제주통갈치구이 (小), 👍인기메뉴 : 제주고등어회, 제주모듬물회(한치,전복,광어회), 제주성게미역국, 제주옥돔구이 (小), 제주갈치구이, 제주산고등어구이, 묵은지고등어조림 (中), 무우고등어조림 (中), 회덮밥, 광어회, 한치회, 전복물회"
21,21,21,홉히,제주도%20홉히,https://m.place.naver.com/restaurant/1018800146/menu/list,"커피(융드립), 크림커피(꼬소/베리), 원두 200g, 드립백"
22,22,22,회심,제주도%20회심,https://m.place.naver.com/restaurant/1904590988/menu/list,"고등어참깨소바, 제주소바, 몸소바, 누룩연어덮밥, 참깨소바, 게우초밥, 성게유부초밥"
23,23,23,88버거,제주도%2088버거,https://m.place.naver.com/restaurant/37698735/menu/list,"888빅버거, 88버거, 아메리칸치즈버거, 머쉬룸버거, 크림소스버거, 어니언칠리버거, 야채볶음밥 추가, 감자튀김, 칠리치즈프라이즈, 치즈프라이즈, 참스테이크, 버펼로윙+감자튀김"
24,24,24,갈치옥,제주도%20갈치옥,https://m.place.naver.com/restaurant/1876373893/menu/list,"통갈치구이세트, 통갈치조림세트, 전복뚝배기, 전복물회, 전복미역국"
25,25,25,갈치왕,제주도%20갈치왕,https://m.place.naver.com/restaurant/1110806547/menu/list,"통갈치실속SET, 가시없는 갈치조림, 통갈치해물찜, 통갈치 구이 세트, 통갈치구이 단품 (식사 미제공), 통갈치 회"
26,26,26,감따남,제주도%20감따남,https://m.place.naver.com/restaurant/1540496129/menu/list,"감따남 스냅 (1~2인 1시간 기준), 귤꽃피크닉 1인, 귤꽃피크닉 2인"
27,27,27,고요새,제주도%20고요새,https://m.place.naver.com/restaurant/1127426352/menu/list,"땅콩버터크림라떼, 디저트, 아메리카노, 라떼, 고요새 티, 고요새 티 에이드"
28,28,28,고이정,제주도%20고이정,https://m.place.naver.com/restaurant/1418560385/menu/list,"숙성흑돼지근고기600g, 숙성흑돼지점심특선2인, 숙성흑돼지근고기400g, 숙성가브리살200g, 흑돼지김치찌개"
29,29,29,곱들락,제주도%20곱들락,https://m.place.naver.com/restaurant/37765917/menu/list,"제주흑돼지2인, 제주한우갈비살, 제주한우양념갈비살, 제주산돼지양념갈비, 흑돼지쫄면(비빔,물냉), 제주한우육회비빔밥, 갈치속젓볶음밥, 제주한우된장찌개, 흑돼지김치찌개, 어린이볶음밥, 제주백돼지2인"
30,30,30,남또리,제주도%20남또리,https://m.place.naver.com/restaurant/11568548/menu/list,"남또리 A코스(1kg2~3인), 남또리 B코스(1kg2~3인), 남또리스페셜 VIP(1kg2~3인), 남또리스페셜 GOLD(1kg2~3인), 갈치코스(2인 이상 주문가능) 1인, 고등어코스(2인 이상 주문가능) 1인"
31,31,31,노라바,제주도%20노라바,https://m.place.naver.com/restaurant/37438036/menu/list,"문어라면, 돌문어숙회(한접시), 해물라면, 옛날도시락"
32,32,32,논짓물,제주도%20논짓물,https://m.place.naver.com/restaurant/31903042/menu/list,"생물갈치조림(소), 생물갈치조림(대), 생물갈치조림(중), 우럭조림(대), 우럭조림(중), 전복뚝배기, 보말성게국, 활한치물회, 전복물회, 자리물회, 옥돔구이, 갈치구이, 고등어구이, 쥐치조림(대), 쥐치조림(중)"
33,33,33,느루온,제주도%20느루온,https://m.place.naver.com/restaurant/1133943685/menu/list,"제주고등어 봉초밥, 제주돌문어 오일 파스타, 모둠 숙성회, 아보카도 명란튀김, 후토마끼"
34,34,34,대기정,제주도%20대기정,https://m.place.naver.com/restaurant/13444885/menu/list,"통갈치구이(2인), 통갈치조림(2인), 통갈치조림정식 (2인), 통갈치구이정식 (2인), 통갈치스페셜 A (2인), 통갈치스페셜 B (2인), 전복 성게 미역국, 성게돌솥밥, 전복돌솥밥"
35,35,35,델문도,제주도%20델문도,https://m.place.naver.com/restaurant/36859834/menu/list,"아메리카노, 아인슈페너, 콜드브루, 우도땅콩라떼, 제주쑥라떼, 한라봉에이드, 델문도 과채 100% 착즙주스, 오리지널 수제 밀크티"
36,36,36,도두몰,제주도%20도두몰,https://m.place.naver.com/restaurant/1514079190/menu/list,"브리틀아인슈패너, 한라봉아메리카노, 아메리카노, 카페라떼, 제주호지차라떼"
37,37,37,돈고팡,제주도%20돈고팡,https://m.place.naver.com/restaurant/890759830/menu/list,"제주산 흑돼지 근고기 600g, 제주산 백돼지 근고기 600g, 제주산 흑돼지 오겹살 300g (1인), 제주산 백돼지 오겹살 300g (1인), 김치찌개, 된장찌개, 라면, 계란찜 추가"
38,38,38,돈사돈,제주도%20돈사돈,https://m.place.naver.com/restaurant/11840561/menu/list,"제주산 흑돼지400g추가, 제주산 흑돼지2인600g, 제주산 흑돼지3인800g, 김치찌개1인+공기밥, 공기밥"
39,39,39,돈이랑,제주도%20돈이랑,https://m.place.naver.com/restaurant/36503433/menu/list,"제주 명품흑돼지 100g, 제주 흑돼지 추가 300g, 김치말이국수, 보말된장찌개, 김치찌개, 전복해물라면, 물냉면·비빔냉면"
40,40,40,둘레길,제주도%20둘레길,https://m.place.naver.com/restaurant/11491447/menu/list,입장료
41,41,41,듀포레,제주도%20듀포레,https://m.place.naver.com/restaurant/1641688547/menu/list,"더티 팡도르, 더티 크루아상, 바스크 치즈 케이크, 핫 아메리카노, 아이스 아메리카노, 핫 카페라떼, 아이스 카페라떼, 핫 바닐라라떼, 아이스 바닐라라떼, 아이스 플랫 화이트, 핫 아인슈페너, 아이스 아인슈페너, 생 레몬 에이드, 생 자몽 에이드, 밀크티"
42,42,42,라라라,제주도%20라라라,https://m.place.naver.com/restaurant/1414924101/menu/list,"100%당근주스, 당근케이크, 아메리카노, 한라봉냉차, 한라봉온차, 제주 당근마카롱, 에스프레소, 카페라떼, 카푸치노"
43,43,43,로빙화,제주도%20로빙화,https://m.place.naver.com/restaurant/810995268/menu/list,"커피, 피자, 한라봉에이드, 비프버거세트, 쉬림프버거세트, 감자튀김, 소세지&감자튀김, 나쵸&치즈살사, 반반피자"
44,44,44,리볼버,제주도%20리볼버,https://m.place.naver.com/restaurant/1997207951/menu/list,토스카나식 라자냐
45,45,45,마일스,제주도%20마일스,https://m.place.naver.com/restaurant/1065019053/menu/list,"바스크 치즈 케이크, 블루베리 크럼블, 크림브륄레, 플레인 스콘, 오레오 스콘, 아메리카노, 크림브륄레 치즈 플레이트, 갓파더, 헨드릭스진토닉, 핫치킨퀘사디아, 꿀과 청포도, 과일치즈"
46,46,46,마틸다,제주도%20마틸다,https://m.place.naver.com/restaurant/36543262/menu/list,"아메리카노, 카스맥주, 칵테일"
47,47,47,먹고정,제주도%20먹고정,https://m.place.naver.com/restaurant/16906907/menu/list,"흑돼지근고기(2-3인), 근고기추가, 흑본삼겹, 항정살, 갈매기살, 열무국수, 소면, 냉면, 김치찌개"
48,48,48,몽그레,제주도%20몽그레,https://m.place.naver.com/restaurant/36636561/menu/list,"제주보리샌드, 그릭요거트"
49,49,49,무용담,제주도%20무용담,https://m.place.naver.com/restaurant/1214313926/menu/list,주류
50,50,50,문치비,제주도%20문치비,https://m.place.naver.com/restaurant/36132962/menu/list,"제주산 흑돼지 오겹살 300g, 제주산 흑돼지 목살 300g, 통갈매기살, 통항정살, 제주산 일반돼지 오겹살 300g, 제주산 일반돼지 목살 300g, 흑돼지김치찌개, 열무김치냉면, 얼큰라면, 계란찜"
51,51,51,바다다,제주도%20바다다,https://m.place.naver.com/restaurant/38335352/menu/list,"커피, 블루레몬에이드, 칵테일, 쿠키,케익,도넛"
52,52,52,백록집,제주도%20백록집,https://m.place.naver.com/restaurant/1917333580/menu/list,"모듬회, 한치 떡볶이, 한치파전, 해물라면, 딱새우회, 고등어회, 해장 파스타, 미나리 와 육전, 명란 두부탕, 갈치튀김, 광어&도미회"
53,53,53,범하다,제주도%20범하다,https://m.place.naver.com/restaurant/1077462362/menu/list,"제주Set(고등어+딱새우), 활낙지덮밥, 모듬Set(모듬회+딱새우), 모듬해산물, 연어초밥(8ps), 딱새우회, 고등어회, 전복마늘구이(8ps), 흑돼지불백, 낙지탕탕이(1마리), 모듬회(소), 모듬회(대), 계절 방어회, 계절 한치회"
54,54,54,별돈별,제주도%20별돈별,https://m.place.naver.com/restaurant/1160940163/menu/list,"흑돼지, 워터에이징흑돼지, 점심 2인세트, 흑돼지 1인세트, 항정살, 가브리살, 별돈세트, 돈별세트, 백돼지"
55,55,55,뷰스트,제주도%20뷰스트,https://m.place.naver.com/restaurant/1106105460/menu/list,"현무암라떼, 화산송이라떼, 밤라떼, 레몬 스파클링, 모히또 스파클링, 생딸기우유, 리얼초코라떼, 아메리카노, 카페라떼, 플랫화이트"
56,56,56,수우동,제주도%20수우동,https://m.place.naver.com/restaurant/36823910/menu/list,"수우동, 유부우동, 자작냉우동, 비빔냉우동, 핑거돈가스정식, 둥글넙적어묵우동, 돈가스단품, 모듬튀김, 고로케"
57,57,57,스카이,제주도%20스카이,https://m.place.naver.com/restaurant/38513808/menu/list,
58,58,58,싱싱잇,제주도%20싱싱잇,https://m.place.naver.com/restaurant/1669662921/menu/list,"싱싱잇 시그니처 흑돼지 바베큐, 수제 그릴 소세지, 상하이 해물 파스타, 트러플 머쉬룸 파스타, 오리엔탈 알리오 올리오, 과일 & 치즈 플래터, 싱싱싱 브리 치즈, 올리브 카프레제, 로매인 시저 샐러드, 브라운치즈 아이스크림, 크림 치즈 비스켓"
59,59,59,안도르,제주도%20안도르,https://m.place.naver.com/restaurant/1574419480/menu/list,"돌땅크라떼, 안돌오름, 아메리카노, 카페라떼, 무화과바게트, 티라미슈, 당근케이크, 송당건강당근빵"
60,60,60,애월당,제주도%20애월당,https://m.place.naver.com/restaurant/1250036232/menu/list,"현무암하카롱 5구, 프리미엄하카롱 5구, 애월돌크림빵, 땅콩돌크림빵, 딸기돌크림빵, 종합9구세트, 애월돌크림빵4구세트, 아메리카노(HOT/ICE), 카페라떼(HOT/ICE), 바닐라라떼(HOT/ICE), 한라봉차(HOT/ICE), 한라봉주스, 청포도 에이드, 자두 에이드, 현무암 라떼(HOT/ICE)"
61,61,61,애월찜,제주도%20애월찜,https://m.place.naver.com/restaurant/36060798/menu/list,"전복+낙지+매운갈비찜(2인), 날치알 볶음밥, 전복+낙지+매운갈비찜(3~4인), 매운갈비찜(3~4인), 매운갈비찜(2인), 날치알 김가루 주먹밥, 계란찜 추가"
62,62,62,양대감,제주도%20양대감,https://m.place.naver.com/restaurant/1284151541/menu/list,"모듬메뉴, 청정흑돼지 뼈삼겹 (100g당), 청정흑돼지근고기 600g, 제주돼지 목갈비살 (100g), 제주돼지 꽃목살, 제주돼지 KDS뼈등심 (100g), 제주돼지 오겹살, 제주돼지 생갈비, 게우철판볶음밥, 톳비빔냉면/톳물냉면, 된장찌개, 김치찌개"
63,63,63,오드씽,제주도%20오드씽,https://m.place.naver.com/restaurant/1356075799/menu/list,"씨푸드플레이드, 가든샐러드썬피자 10인치, 뭐햄쉬, 비건라떼, 엘더플라워 에이드, 모히또에이드, 자몽에이드, 레몬크린베리에이드, Odd 1074, Sky Box, Odd Night, Apple Bum, Soft Brown, 인절미스무디, 코코넛스무디"
64,64,64,오르방,제주도%20오르방,https://m.place.naver.com/restaurant/1632801793/menu/list,
65,65,65,온오프,제주도%20온오프,https://m.place.naver.com/restaurant/1894902699/menu/list,"바질 치즈 돈가스, 제주흑돼지돈까스, 제주흑돼지 치즈돈까스, 한라봉에이드, 콜드브루, 온오프 콤보 세트, 하와이언 콤보 세트, 분다버그 망고, 분다버그 자몽, 분다버그 레몬"
66,66,66,우니담,제주도%20우니담,https://m.place.naver.com/restaurant/1106239393/menu/list,"성게덮밥(우니덮밥), 성게미역국과 전복가마솥밥, 성게비빔밥(우니비빔밥), 옥돔구이와 전복가마솥밥, 성게미역국/전복미역국, 장어덮밥, 성게덮밥(우니덮밥)大, 제주 성게한판(우니한판), 떡갈비, 장어구이, 옥돔구이, 양념게장, 무알콜 맥주, 콜라/사이다/환타"
67,67,67,이익새,제주도%20이익새,https://m.place.naver.com/restaurant/299612944/menu/list,"말차파운드, 리얼초코파운드, 레몬파운드, 백년초무화과파운드, 제주당근파운드, 리얼치즈파운드, 보틀우유"
68,68,68,잔물결,제주도%20잔물결,https://m.place.naver.com/restaurant/1916744467/menu/list,"잔물결블렌드커피, 크림 도나스, 수제치즈케이크, 산 오름 크림커피, 바람 보름"
69,69,69,제갈양,제주도%20제갈양,https://m.place.naver.com/restaurant/16866249/menu/list,"2인조림, 2인구이, 갈치뚝배기, 생선초밥, 회덮밥, 전복죽"
70,70,70,쪼끌락,제주도%20쪼끌락,https://m.place.naver.com/restaurant/36399029/menu/list,"김녕라떼, 돌하르방라떼, 돌하르방아포가토, 당근케이크, 치즈케이크, 아메리카노, 얼그레이, 잉글리쉬블랙퍼스트, 카모마일, 페퍼민트, 한라봉차, 청귤차, 에메랄드레몬에이드, 쪼끌락에이드, 한라봉에이드"
71,71,71,착한집,제주도%20착한집,https://m.place.naver.com/restaurant/1131393322/menu/list,"착한A 상차림(2인), 바른A상차림(2인), 왕갈갈조림(특)(5~6인추천), 착한B상차림(2인), 바른B상차림(2인), 착한점심/고등어조림 + 고등어구이(1인), 통갈치구이+고등어조림, 통갈치구이(대)+고등어조림+해물뚝배기, 왕갈갈조림(중)(2~3인추천), 왕갈갈조림(대)(3~4인추천), 갈갈조림(뼈없는은갈치+제주산흑돼지), 뼈없는갈치조림+고등어구이(중), 고등어조림+고등어구이(중), 갈치회, 고등어회"
72,72,72,충민정,제주도%20충민정,https://m.place.naver.com/restaurant/885071561/menu/list,"통갈치구이 (2인), 통갈치구이 (4인), 통갈치구이 (3인), 통갈치구이 (5인), 특대 통갈치구이, 갈치조림 大, 갈치조림 小, 고등어조림 大, 고등어조림 小, 고등어구이"
73,73,73,칠돈가,제주도%20칠돈가,https://m.place.naver.com/restaurant/20583529/menu/list,"칠돈가근고기(백돼지) 600g, 흑도야지근고기 600g, 김치찌개, 소주,맥주, 물냉면, 된장찌개"
74,74,74,타쿠마,제주도%20타쿠마,https://m.place.naver.com/restaurant/307022508/menu/list,"일출봉슈토아에, 포케(poke), 광치기해초냉파스타, 타쿠마 특스시, 제주고등어초밥, 타쿠마한그릇, 탁마초밥, 연어초밥, 모듬사시미, 모듬참치, 모듬사시미1/2+모듬참치1/2, 타쿠마빨간우동, 타쿠마등푸른우동, 타쿠마등푸른소바, 규동"
75,75,75,페를로,제주도%20페를로,https://m.place.naver.com/restaurant/1589614745/menu/list,"흑돼지 수비드 뼈삼겹, 성게우니 파스타, 문어보말파스타, 고등어파스타, 와규 등심 스테이크, 나폴리 화덕피자"
76,76,76,풀베개,제주도%20풀베개,https://m.place.naver.com/restaurant/1090905770/menu/list,"스윗풀베개, 마음, 에스프레소, 아메리카노, 아메리카노 싱글 오리진, 카페라떼, 플렛 화이트, 아포가토, 에스프레소 콘파냐, 바닐라라떼, 딸기라떼, 풀베게 귤 아이스티, 바이스크레메, 풀베게 블렌드, 녹차라떼"
77,77,77,한라원,제주도%20한라원,https://m.place.naver.com/restaurant/1533978056/menu/list,"흑돼지 돈마호크 모듬 2인세트, 갈비초밥, 한우, 제육쌈밥(2인), 묵은지찜(2인), 김치찌개, 된장찌개, 어린이돈가스, 비빔냉면, 물냉면, 한라원비빔밥, 돌솥비빔밥, 갈비탕, 고등어구이"
78,78,78,해월정,제주도%20해월정,https://m.place.naver.com/restaurant/16880858/menu/list,"해월정세트[2인특선메뉴], 커플세트[2인특선메뉴], 보말칼국수, 보말죽, 성게보말죽, [특]전복잔치물회, 톳부추천, 톳초부침, 멍게 한접시, 전복 한접시, 문어숙회, 해산물한접시, 모듬물회, 공기밥/소면사리, 고명추가"
79,79,79,행복밀,제주도%20행복밀,https://m.place.naver.com/restaurant/1026954941/menu/list,"산딸기맘모스, 누네띄네스콘, 녹차크림빵, 마늘버터스프레드, 쌀팥빵, 슈크림도넛, 마늘바게트, 녹차맘모스"
80,80,80,홍성방,제주도%20홍성방,https://m.place.naver.com/restaurant/16938848/menu/list,"빨간해물짬뽕, 탕수육, 하얀해물짬뽕, 고기짬뽕, 해물짜장면, 사천해물짜장면, 해물볶음밥, 칠리새우, 크림새우, 깐풍새우, A코스-새우요리-탕수육-식사(2인이상가능), B코스-냉채-생선요리-새우요리-탕수육-식사(2인이상사능)"
81,81,81,화로위,제주도%20화로위,https://m.place.naver.com/restaurant/1146885120/menu/list,"숙성흑돼지근고기600g, 제주 가브리살200g, 멸젓볶음밥, 김치말이국수"
82,82,82,휴일로,제주도%20휴일로,https://m.place.naver.com/restaurant/1277648050/menu/list,"휴라떼(ICE), 아메리카노(HOT/ICE), 카페라떼(HOT/ICE), 바닐라라떼(HOT/ICE), 카라멜마끼야또(HOT/ICE), 마당라떼(ICE), 설록라떼(ICE), 딸기라떼(ICE), 복숭아아이스티(ICE), 레몬차(HOT/ICE), 콜드브루(ICE), 초코라떼(HOT/ICE), 애플망고스무디(ICE), 한라봉스무디(ICE), 페퍼민트(HOT/ICE)"
83,83,83,갈치카페,제주도%20갈치카페,https://m.place.naver.com/restaurant/1648676466/menu/list,
84,84,84,까망돼지,제주도%20까망돼지,https://m.place.naver.com/restaurant/34818244/menu/list,"제주흑돼지근고기 600g (부위선택), 흑돼지김치찌개, 제주흑돼지근고기추가 300g"
85,85,85,꼬스덴뇨,제주도%20꼬스덴뇨,https://m.place.naver.com/restaurant/1928288067/menu/list,"꼬스뗀뇨라떼, 코코넛커피, 아메리카노, 카페라떼, 까페브륄레"
86,86,86,남경미락,제주도%20남경미락,https://m.place.naver.com/restaurant/11541774/menu/list,"다금바리, 붉바리, 갯돔, 구문쟁이, 참돔, 흑돔"
87,87,87,달콤다락,제주도%20달콤다락,https://m.place.naver.com/restaurant/37727867/menu/list,
88,88,88,대풍미락,제주도%20대풍미락,https://m.place.naver.com/restaurant/19867519/menu/list,"다금바리, 북바리, 갓돔(돌돔), 황돔(국내산), 흑돔, 대풍특선모듬회 大(다금바리,능성어,황돔), 대풍특선모듬회 中(다금바리,능성어,황돔), 대풍특선모듬회 小(다금바리,능성어,황돔), 잡어모듬小(황돔,광어), 잡어모듬中(황돔,광어), 잡어모듬大(황돔,광어), 한치, 멍개, 갈치회, 고등어"
89,89,89,랍스터빈,제주도%20랍스터빈,https://m.place.naver.com/restaurant/1164066100/menu/list,"랍세트, 빈세트, 통랍스터1마리해물라면, 해물볶음밥, 한라봉 에이드, 레몬에이드, 자몽에이드"
90,90,90,램앤블랙,제주도%20램앤블랙,https://m.place.naver.com/restaurant/1609519097/menu/list,"램앤블랙 SET MENU, 프리미엄 양갈비, 흑돼지오겹살180g, 램앤블랙 A-SET, 램앤블랙 B-SET, 프리미엄 프렌치랙"
91,91,91,만선식당,제주도%20만선식당,https://m.place.naver.com/restaurant/11851700/menu/list,"고등어회(소), 고등어회(대), 고등어조림(소), 고등어조림(대), 갈치조림(소), 갈치조림(대), 고등어구이, 회 추가(반접시), 고등어탕 추가, 고등어조림 추가"
92,92,92,무거버거,제주도%20무거버거,https://m.place.naver.com/restaurant/70213029/menu/list,"당근버거, 시금치버거, 마늘버거, 마늘버거 더블, 당근버거 더블, 시금치버거 더블, 버거 탄산수 세트, 버거 탄산수 세트 더블, 버거 밀크 쉐이크 세트, 버거 밀크 쉐이크 세트 더블, 버거 아메리카노세트, 버거 아메리카노세트 더블, 버거 카페라떼세트, 버거 카페라떼세트 더블, 소프트 드링크/콜라 ,사이다,탄산수"
93,93,93,뮤직박스,제주도%20뮤직박스,https://m.place.naver.com/restaurant/37529835/menu/list,
94,94,94,뮤직타워,제주도%20뮤직타워,https://m.place.naver.com/restaurant/1991607464/menu/list,
95,95,95,미쁜제과,제주도%20미쁜제과,https://m.place.naver.com/restaurant/1153699096/menu/list,"아메리카노, 미쁜크림라떼, 오리지널 밀크티, 얼그레이 밀크티, 에스프레소, 카라멜라떼, 카페라떼, 카페모카, 플랫화이트"
96,96,96,미친부엌,제주도%20미친부엌,https://m.place.naver.com/restaurant/36772248/menu/list,"모듬사시미, 크림짱뽕, 고등어초회, 연어머리구이, 고등어구이, 차슈, 도미머리조림, 차돌숙주볶음, 푸짐한 애주가 세트, 고독한 미식가 세트"
97,97,97,보룡제과,제주도%20보룡제과,https://m.place.naver.com/restaurant/1012108385/menu/list,"마늘바게트, 인절미빵, 크림치즈마늘바게트"
98,98,98,봉성식당,제주도%20봉성식당,https://m.place.naver.com/restaurant/17028601/menu/list,"제주산 흑돼지 목살/오겹살(600g), 열무국수, 제주산 백돼지 목살/오겹살(600g), 김치찌개 소"
99,99,99,브루클린,제주도%20브루클린,https://m.place.naver.com/restaurant/1665072427/menu/list,"Goose IPA, 312 어반 위트에일, 브루클린 라거, 라임 모히또, 발베니 12년 700ml, 페트론 실버 750ml, 마틸다 765ml"
100,100,100,블랑로쉐,제주도%20블랑로쉐,https://m.place.naver.com/restaurant/772362739/menu/list,"우도 땅콩크림라떼, 우도 땅콩아이스크림, 우도 땅콩잼, 아메리카노, 카페라떼, 우도땅콩카페라떼, 바스크 치즈케이크, 블랑치즈케이크, 퀸아망, 까눌레, 스콘, 퓨어레몬에이드, 한라봉스무디, 한라봉에이드, 한라봉주스"
101,101,101,삼무국수,제주도%20삼무국수,https://m.place.naver.com/restaurant/16855821/menu/list,"고기국수, 고기비빔국수, 회쟁반국수, 메밀만두, 돔베고기, 멸치국수, 돼지국밥, 순두부찌개"
102,102,102,색달바당,제주도%20색달바당,https://m.place.naver.com/restaurant/1089452165/menu/list,"바당 2인 코스, 바당 4인 코스, 제주 돌돔"
103,103,103,섬소나이,제주도%20섬소나이,https://m.place.naver.com/restaurant/34754552/menu/list,"우짬, 백짬, 땡짬, 소섬(우도)피자, 트러플피자, 공기밥, 우도땅콩막걸리, 우짬소섬세트+음료, 땡짬소섬세트+음료, 백짬소섬세트+음료, 백짬트러플세트, 땡짬 + 트러플, 우짬 + 트러플"
104,104,104,수돈가스,제주도%20수돈가스,https://m.place.naver.com/restaurant/1839448078/menu/list,"등심돈가스, 안심돈가스, 카레돈가스, 치즈멘치가스, 치킨가스, 카레라이스, 온모밀, 냉모밀, 고로케, 특등심, 상등심"
105,105,105,스시망고,제주도%20스시망고,https://m.place.naver.com/restaurant/1475860849/menu/list,"🥉시그니처:모둠사시미(최고급어종), 🥈시그니처:스바라시(사시미+초밥), 🥇시그니처:한라산 은갈치회, 👍셰프추천:우니 감태마키, 👍셰프추천:고갈딱세트, 👍셰프추천:우딱참 한판, ✯고급 성게알 한판[100그램], 🎖대형 제주은갈치 뚱후토마키, 👍점심특선1-우니딱 마구로동, 👍점심특선2-우니 이소베마키[1줄], 🦐 제주 딱새우회, 🐠 참돔회 한판, 🐠 광어회 한판, 🐠 우럭회 한판, 🐠 돌돔/다금바리회[싯가]"
106,106,106,스시애월,제주도%20스시애월,https://m.place.naver.com/restaurant/340224722/menu/list,도로초밥세트
107,107,107,스타박스,제주도%20스타박스,https://m.place.naver.com/restaurant/16928424/menu/list,
108,108,108,신의한모,제주도%20신의한모,https://m.place.naver.com/restaurant/37116020/menu/list,"아게다시도후, 한치간장게장낫또덮밥, 모두부/오보로두부, 가지남방쯔께와 두부, 모듬튀김우동, 두부함박스테이크, 비지빈대떡, 모찌리두부샐러드, 모두부와 수육, 전복육회덮밥, 마파두부덮밥, 신의한모 콩국수, 신의한모 물회, 비건세트 1인, 신의한모 1인세트"
109,109,109,심야식당,제주도%20심야식당,https://m.place.naver.com/restaurant/1048542402/menu/list,"치즈후라이, 간장새우(2개), 간장새우(4개), 명란젓구이, 타코와사비"
110,110,110,아줄레주,제주도%20아줄레주,https://m.place.naver.com/restaurant/1051148650/menu/list,"아메리카노, 에그타르트, 수제청"
111,111,111,양가형제,제주도%20양가형제,https://m.place.naver.com/restaurant/37573076/menu/list,"어니언링, 경버거_k-burger, 석버거_s-burger, 양버거, 길종버거, 감자튀김, 밀크쉐이크"
112,112,112,어반정글,제주도%20어반정글,https://m.place.naver.com/restaurant/1779237096/menu/list,"흑돼지반미, 정글슈페너, 어반슈페너, 그린슈페너, 흑돼지타코, 수박쥬스, 과일에이드, 생코코넛, 허니버터감자튀김, 아메리카노, 카페라떼, 바닐라라떼, 과일차, 얼그레이갸또"
113,113,113,올래국수,제주도%20올래국수,https://m.place.naver.com/restaurant/11866447/menu/list,고기국수
114,114,114,우동카덴,제주도%20우동카덴,https://m.place.naver.com/restaurant/1066096453/menu/list,"야마카케우동, 텐뿌라우동, 은갈치튀김, 이카텐붓카케, 카덴냉우동, 자루우동, 멘타이코(명란)우동, 카레라이스+미니우동, 아사리(바지락)우동, 키프네(유부)우동, 흙돼지 우동, 가마타바 버터 우동, 카키아게 우동"
115,115,115,우무공항,제주도%20우무공항,https://m.place.naver.com/restaurant/1880532734/menu/list,"무튼라떼, 쿠키넛라떼"
116,116,116,우유부단,제주도%20우유부단,https://m.place.naver.com/restaurant/37927894/menu/list,"우유부단 아이스크림, 유기농 아쌈 밀크티, 유기농 얼그레이 밀크티, 제주 유기농 녹차 밀크티, 제주 우도 땅콩 밀크티, 진저 밀크티, 성이시돌목장 유기농 우유, 우유부단 수제 밀크쉐이크, 아이스크림 라떼, 카페라떼, 아메리카노, 유기농 홍차 얼그레이, 유기농 허브차 캐모마일, 제주 감귤 당근 주스"
117,117,117,원앤온리,제주도%20원앤온리,https://m.place.naver.com/restaurant/1256246739/menu/list,"산방산 케이크, 원앤온리 브런치, 아보카도샌드위치, 치킨 파르마, 바나나 크럼블, 에그 베네딕트, 수제리코타치즈샐러드, 라구 파스타, 비스크 로제파스타, 통살치킨버거, 순살치킨&감자튀김, 아메리카노, 카페라떼"
118,118,118,월령작야,제주도%20월령작야,https://m.place.naver.com/restaurant/1456068886/menu/list,"숙성사바, 시메사바(고등어초회), 즈케사바, 대삼치 사시미, 가츠오부시초덮밥, 딱새우회(12미), A.set, B.set, 나가사키 짬뽕탕, 등외도로, 참다랑어 적신(아카미), 바지락술찜, 닭순살 춘장 볶음, 제주돼지 제육볶음, 생선구이마파두부"
119,119,119,유동커피,제주도%20유동커피,https://m.place.naver.com/restaurant/33225737/menu/list,"아메리카노, 송산동커피, 카페모카초코, 콜드브루, 라떼"
120,120,120,일통이반,제주도%20일통이반,https://m.place.naver.com/restaurant/32041782/menu/list,"모듬해산물, 성게알, 문어숙회, 소라회, 돌멍게, 왕보말회, 자연산굴, 홍해삼, 자연산꽃멍게, 왕보말죽, 전복회, 전복구이, 오분작구이, 자연산홍합탕, 해물탕"
121,121,121,잇칸시타,제주도%20잇칸시타,https://m.place.naver.com/restaurant/1074627571/menu/list,"밀푀유나베정식, 텐동정식, 메로동정식, 지라시스시정식, 스끼야끼정식, 사케동정식, 차돌짬뽕정식, 치킨데리야끼정식, 카이센동정식, 후토마끼, 미소메로동정식, 아부리 사케동 정식, 치킨데리야기 정식, 딱새우사시미, 연어사사미"
122,122,122,장인의집,제주도%20장인의집,https://m.place.naver.com/restaurant/1727176524/menu/list,"가마솥 4색 만두 전골, 버섯만두전골, 해물만두전골, 제주 돼지만두, 제주 김치만두, 제주 문어만두, 제주 전복만두, 장인의 갈비탕, 장인의 해장국, 소갈비 해물버섯 전골, 해물 버섯 전골, 버섯 전골, (하양) 탐나 흑돼지만두 6개, (분홍) 탐나 김치만두 6개, (검정) 탐나 문어만두 6개"
123,123,123,정직한돈,제주도%20정직한돈,https://m.place.naver.com/restaurant/1530476773/menu/list,"제주 훈연 흑돼지 한근(600g), 제주 딱새우, 제주 갈매기살 200g, 흑돼지 김치찌개"
124,124,124,제스토리,제주도%20제스토리,https://m.place.naver.com/restaurant/36287983/menu/list,
125,125,125,제일떡집,제주도%20제일떡집,https://m.place.naver.com/restaurant/13511943/menu/list,"6개, 10개, 12개, [전국택배] 30알(택배비 포함), [전국택배]50알(택배비 포함)(낱개포장), [전국택배]50알(택배비 포함)(팩포장)"
126,126,126,제주고집,제주도%20제주고집,https://m.place.naver.com/restaurant/1196193188/menu/list,"숙성흑돼지근고기600, 숙성흑돼지점심특선2인, 숙성흑돼지400g, 제주통가브리살200g, 흑돼지김치찌개, 김치말이국수, 폭탄계란찜"
127,127,127,제주곰집,제주도%20제주곰집,https://m.place.naver.com/restaurant/35848888/menu/list,"흑돼지 해산물 모듬 2인(추천), 흑돼지 근고기(오겹살)2인기준, 흑돼지 근고기(목살)2인기준, 해물우동볶음(식사류) *정셰프 추천, 된장찌개(식사류) *정셰프 추천, 김치찌개(식사류), 쟁반비빔냉면(식사류) *정셰프 추천, 흑돼지한마리모듬 3인"
128,128,128,제주마당,제주도%20제주마당,https://m.place.naver.com/restaurant/16789310/menu/list,"철판통갈치조림 대(6~7인기준 문어, 새우, 전복), 철판통갈치조림 중(4~5인기준 새우, 전복), 철판통갈치조림(3인기준 새우, 전복), 철판통갈치조림(2인기준 새우, 전복), 4인분 1번세트: (통갈치구이+성게미역국+전복뚝배기+고등어조림), 4인분 2번세트: (통갈치구이+갈치조림(토막)+성게미역국), 4인분 3번세트: (철판통갈치조림(2인)+통갈치구이+성게미역국, 4인분 4번세트: (전복회+문어숙회+갈치조림(토막)+통갈치구이+고등어구이+성게미역국), 2~3인분 1번세트: (통갈치구이+성, 2~3인분 2번세트: (갈치조림(토막)+고등어구이+성게미역국), 갈치조림(토막) 대, 갈치조림(토막) 중, 고등어조림 대, 고등어조림 중, 통갈치구이 대"
129,129,129,제주봄날,제주도%20제주봄날,https://m.place.naver.com/restaurant/1949853649/menu/list,
130,130,130,제주정지,제주도%20제주정지,https://m.place.naver.com/restaurant/36609549/menu/list,"통갈치조림(2인), 정지정식(A), 통갈치조림(3인), 통갈치조림(4~5인), 통갈치구이(2~3인), 성게미역국 (1인), 전복뚝배기 (1인), 전복죽 (1인)"
131,131,131,제주하멜,제주도%20제주하멜,https://m.place.naver.com/restaurant/743206437/menu/list,Cheesemon
132,132,132,제주하미,제주도%20제주하미,https://m.place.naver.com/restaurant/1199460023/menu/list,
133,133,133,제주화고,제주도%20제주화고,https://m.place.naver.com/restaurant/1833570050/menu/list,"숙성흑돼지근고기, 숙성제주가브리살, 숙성제주항정살, 숙성흑돼지, 흑돼지점심특선2인, 김치말이국수, 흑돼지김치찌개, 해물된장찌개"
134,134,134,카카오칩,제주도%20카카오칩,https://m.place.naver.com/restaurant/1856030400/menu/list,
135,135,135,카페방주,제주도%20카페방주,https://m.place.naver.com/restaurant/1044598984/menu/list,"아메리카노, 카페라떼, 카푸치노, 바닐라라떼, 아몬드라떼"
136,136,136,커피템플,제주도%20커피템플,https://m.place.naver.com/restaurant/1275841339/menu/list,"<시그니처> 슈퍼 클린 에스프레소, <시그니처> 카페 루이지, 에스프레소, <시그니처> 텐저린 카푸치노, <시그니처> 텐저린 라떼, <시그니처> 유자 아메리카노, 핸드드립 커피"
137,137,137,태희곽지,제주도%20태희곽지,https://m.place.naver.com/restaurant/20341630/menu/list,"피쉬&칩스, 스몰 피쉬&칩스, 구운생선&칩스, 새우튀김, 맥시칸프라이즈, 체다버거, 블루버거, 새우버거, 아메리카노, 라떼, 레몬에이드, 피쉬버거, 깔라마리"
138,138,138,팔팔돼지,제주도%20팔팔돼지,https://m.place.naver.com/restaurant/35014081/menu/list,"흑근고기 600g, 흑근고기 추가 400g, 근고기 600g, 근고기 추가400g, 흑오겹살, 백오겹살, 흑돼지김치찌개, 물냉면, 비빔냉면"
139,139,139,하라케케,제주도%20하라케케,https://m.place.naver.com/restaurant/1214681781/menu/list,"말차라떼, 블루베리스무디"
140,140,140,해녀짬뽕,제주도%20해녀짬뽕,https://m.place.naver.com/restaurant/1160410577/menu/list,"해녀짬뽕, 해녀짜장, 통문어전복볶음(소), 흑돼지찹쌀탕수육(소), 돌하르방게우볶음밥, 짜장면, 짬뽕, 군만두(6개)"
141,141,141,협재타운,제주도%20협재타운,https://m.place.naver.com/restaurant/1114716415/menu/list,"먹태구이, 망고황도, 소주(참이슬,처음처럼,한라산등), 노래방1시간(오후7시이후), 노래방1시간(6시이전)"
142,142,142,호텔샌드,제주도%20호텔샌드,https://m.place.naver.com/restaurant/1089671180/menu/list,"선인장 몽테, 과일 타르트, 파블로바, 모래섬, 화산섬"
143,143,143,화산2020,제주도%20화산2020,https://m.place.naver.com/restaurant/1230619475/menu/list,메뉴판 이미지 참고
144,144,144,황해식당,제주도%20황해식당,https://m.place.naver.com/restaurant/1272584236/menu/list,"갈치조림 중, 쥐치조림 중, 우럭조림 중, 고등어조림 중, 쥐치조림 대, 갈치조림 대, 우럭조림 대, 고등어구이, 우럭구이, 우럭 매운탕,지리 (공기밥포함), 활한치물회, 자리물회, 한치회大, 한치회中, 쥐치회"
145,145,145,훈남횟집,제주도%20훈남횟집,https://m.place.naver.com/restaurant/1780156244/menu/list,"소딱세트, 해산물모둠, 모듬회(소), 모듬회(중), 모듬회(대), 딱새우세트, 고딱세트, 성게 한접시, 갈고딱세트, 연어회, 전복회한접시, 뿔소라회한접시, 멍게한접시, 모듬회(소)포장, 모듬회(중)포장"
146,146,146,흑본오겹,제주도%20흑본오겹,https://m.place.naver.com/restaurant/1199185736/menu/list,"제주생갈비, 제주꽃목살, 흑돼지 오겹살, 등겹살, 아구살, 통두부 된장찌개, 흑돼지 김치찌개, 묵사발, 꼬시래기라면, 제주보리김치 메밀국수"
147,147,147,집의기록1,제주도%20집의기록1,https://m.place.naver.com/restaurant/1438290869/menu/list,"메이플피칸쿠키, 아메리카노, 카페라떼, 바닐라라떼, 복숭아아이스티, 옥수수라떼(hot/iced), 단호박라떼(only hot)"
148,148,148,가람돌솥밥,제주도%20가람돌솥밥,https://m.place.naver.com/restaurant/16929189/menu/list,"전복돌솥밥, 성게전복돌솥밥, 한치해물돌솥밥, 전복해물뚝배기, 통갈치구이상차림(2인), 전복상차림(2인), 성게상차림(2인), 갈치조림상차림(2인), 영양돌솥밥, 제주성게미역국, 전복회(구이), 제주활어회, 갈치조림(중), 갈치조림(대), 제주통갈치구이(중)"
149,149,149,고등어쌈밥,제주도%20고등어쌈밥,https://m.place.naver.com/restaurant/19872990/menu/list,"고등어 묵은지찜, 은갈치조림 2인, 통갈치구이 大(2인), 전복뚝배기 1인, 옥돔구이 2인, 전복죽 1인, 수제왕돈가스 1인, 고등어구이 2인"
150,150,150,고집돌우럭,제주도%20고집돌우럭,https://m.place.naver.com/restaurant/766197218/menu/list,"런치_A set, 디너_산(山)"
151,151,151,구르메스시,제주도%20구르메스시,https://m.place.naver.com/restaurant/1333888438/menu/list,"런치 오마카세, 디너 오마카세"
152,152,152,금능반지하,제주도%20금능반지하,https://m.place.naver.com/restaurant/1798990572/menu/list,"반지하 칵테일, 반지하 생맥주, 보틀와인"
153,153,153,기원뚝배기,제주도%20기원뚝배기,https://m.place.naver.com/restaurant/13444882/menu/list,"통갈치조림(2人), 통갈치구이(2人), 문어&해물갈치조림(2人), 문어해물갈치조림&구이세트(4人), 통갈치조림(3人), 통갈치조림(4人), 통갈치구이(3人), 통갈치구이(4人), 문어&해물갈치조림(3人), 문어&해물갈치조림(4人), 문어해물갈치조림&구이세트(5~8人)"
154,154,154,김녕오라이,제주도%20김녕오라이,https://m.place.naver.com/restaurant/1528955401/menu/list,"제주산 활한치, 돔베사시미 중, 머리구이 반판/한판, 딱새우라면, 돔베사시미 소, 돔베사시미 대, 제주산 딱새우회, 포장 매운탕, 고갈비, 돌문어, 뿔소라"
155,155,155,깡촌흑돼지,제주도%20깡촌흑돼지,https://m.place.naver.com/restaurant/35992593/menu/list,"깡촌근고기, 빨간마약흑돼지, 흑오겹살(200g), 흑항정살(200g), 흑목살(200g), 흑돼지1kg, 흑돼지목추리, 껍데기, 흑가브리살, 추가 근고기"
156,156,156,난드르바당,제주도%20난드르바당,https://m.place.naver.com/restaurant/36919633/menu/list,"제주산 흑돼지 2인(600g)+된장찌개, 제주산 백돼지 2인(600g)+ 된장찌개, 새우(블랙타이거), 제주산 성게 미역국, 흑돼지 김치찌개"
157,157,157,네거리식당,제주도%20네거리식당,https://m.place.naver.com/restaurant/19873758/menu/list,"갈치국 (소), 갈치국 (특), 성게미역국, 옥돔미역국, 갈치구이 1인분(공기밥별도), 갈치조림 (중), 갈치조림 (대), 옥돔정식, 옥돔구이(중국산), 옥돔구이(국내산), 고등어조림 중, 고등어조림 대, 고등어구이, 옥돔무우국"
158,158,158,넥스트도어,제주도%20넥스트도어,https://m.place.naver.com/restaurant/1824399841/menu/list,"스테이크 필라프/제주흑돼지 부추수육, 크림커리치킨/머쉬룸크림파스타, 알리올리오/스파이시칠리토마토파스타, 비프타르타르/뽈뽀세비체로, 차돌쌀국수/로메인샐러드, 트러플오일감자튀김/석화4/석화7, 메론브라운치즈/쿠키아이스크림, 카프레제/잠봉뵈르"
159,159,159,늘봄흑돼지,제주도%20늘봄흑돼지,https://m.place.naver.com/restaurant/13444829/menu/list,"삼겹살, 목살, 생갈비, 양념구이, 항정살, 김치전골 소, 가브리살, 갈매기살, 전복뚝배기, 두부된장찌개, 물냉면, 껍데기, 육회, 육사시미, 늘봄정식"
160,160,160,달인회센타,제주도%20달인회센타,https://m.place.naver.com/restaurant/1613929317/menu/list,
161,161,161,덕인당빵집,제주도%20덕인당빵집,https://m.place.naver.com/restaurant/11611243/menu/list,"보리빵, 팥보리빵(통팥), 쑥(단팥)빵"
162,162,162,돌담흑돼지,제주도%20돌담흑돼지,https://m.place.naver.com/restaurant/1038108444/menu/list,"돌담 흑돼지 근고기(600g), 돌담 흑돼지 뼈삼겹(100g), 돌담 숙성 숄더랙(100g), 돌담 숙성 뼈등심(100g), 돌담 제주돼지 근고기, 돌담 흑항정살, 돌담 흑가브리살"
163,163,163,디어브리즈,제주도%20디어브리즈,https://m.place.naver.com/restaurant/1992434633/menu/list,
164,164,164,레이지펌프,제주도%20레이지펌프,https://m.place.naver.com/restaurant/1306187552/menu/list,"제주말차크리미, 퍼플에이드, 아메리카노, 아몬드라떼, 프렌치뱅쇼"
165,165,165,마노르블랑,제주도%20마노르블랑,https://m.place.naver.com/restaurant/1509572684/menu/list,"HOT 아메리카노, 카페라떼, 바닐라라떼, 카라멜마끼야또, 카페모카, 입장료, 요거트스무디, 블루베리스무디, 초코라떼, 녹차라떼, 제주착즙주스, 한라봉에이드, 오미자에이드, 청귤에이드, 한라봉차"
166,166,166,몬스터살롱,제주도%20몬스터살롱,https://m.place.naver.com/restaurant/35125037/menu/list,"슈퍼맨세트(50cm롱츄러스+봉자주스), 몬스터제주한우버거, 햄버거세트(소다세트), 50cm 롱츄러스, 제주흑돼지풀드포크버거, 햄버거세트(봉자주스세트), 몬츄주스, 몬츄에이드, 몬츄카노, 몬츄아이스티, 몬츄초코라떼"
167,167,167,뮤직앤뮤직,제주도%20뮤직앤뮤직,https://m.place.naver.com/restaurant/1970950519/menu/list,"중소형 룸비 1시간, 중대형 룸비 1시간"
168,168,168,반디파스타,제주도%20반디파스타,https://m.place.naver.com/restaurant/1776382371/menu/list,"전복 트러플오일 파스타, 해산물 크림파스타, 해산물 로제파스타, 해산물 오일파스타, 해산물 토마토파스타, 흑돼지 토마토 파스타, 까르보나라, 로제파스타, 전복 로제 리조또, 전복 크림 리조또, 하우스와인 레드, 하우스와인 화이트, 블루레몬에이드, 제주청귤에이드, 자몽에이드"
169,169,169,벨아벨카페,제주도%20벨아벨카페,https://m.place.naver.com/restaurant/1962037865/menu/list,"아메리카노, 카페라떼, 카페모카, 카라멜마끼야또, 바닐라라떼, 헤이즐넛라떼, 제주콥샐러드, 베이컨크림파스타, 씨푸드토마토파스타"
170,170,170,봉주르마담,제주도%20봉주르마담,https://m.place.naver.com/restaurant/38712432/menu/list,"#크로아상, #버터프레즐, #까눌레 #까늘레, #조각케이크"
171,171,171,불특정식당,제주도%20불특정식당,https://m.place.naver.com/restaurant/1285282963/menu/list,"디너(와인바), 런치12:00~14:30"
172,172,172,브라보비치,제주도%20브라보비치,https://m.place.naver.com/restaurant/1195073144/menu/list,"브라보버거세트, 아메리카노, 바닐라빈크림라떼, 카페라떼, 카푸치노, 디카페인아메리카노, 디카페인라떼, 제주한라봉라떼, 제주말차라떼, 제주흑임자라떼, 제주쑥라떼, 제주한라봉에이드, 생자몽에이드, 제주레몬에이드, 패션후르츠에이드"
173,173,173,비스트로낭,제주도%20비스트로낭,https://m.place.naver.com/restaurant/81071660/menu/list,"파스타, 스테이크, 에피타이저, 샐러드, 리조또"
174,174,174,상상함덕점,제주도%20상상함덕점,https://m.place.naver.com/restaurant/1737919751/menu/list,"제주 고등어 봉초밥, 후토마끼, 딱새우 크림 고로케, 까망베르 치즈 튀김, 흑돼지 스키야끼, 모츠나베, 숙성회1인, 모듬숙성회"
175,175,175,섭지코지로,제주도%20섭지코지로,https://m.place.naver.com/restaurant/12348587/menu/list,
176,176,176,숙성도중문,제주도%20숙성도중문,https://m.place.naver.com/restaurant/1146342571/menu/list,"720 숙성 삼겹살 (200g), 720 숙성 1% 목살 200g, 960 숙성 흑뼈등심 (350g), 갈치속젓 볶음밥, 교차숙성흑돼지(앞다리 200g), 720숙성 뼈목살 (360g), 된장술밥, 동치미열무국수, 가자미 회 비빔국수, 560 통항정 (200g), 960 숙성 나비갈비 300g"
177,177,177,스시마타네,제주도%20스시마타네,https://m.place.naver.com/restaurant/1790890751/menu/list,"런치 오마카세, 디너 오마카세"
178,178,178,스피닝울프,제주도%20스피닝울프,https://m.place.naver.com/restaurant/66266463/menu/list,"울프치킨, 울프 마일드 버거, 울프 핫!타바스코 버거, 달고기&칩스, 흑돈&칩스, 윙봉&칩스, 제주 모닥 칩스, 팝 쉬림프 샐러드, 네 가지 치즈 샐러드, 흑돈 크러스트, 페퍼로니 크러스트, 콰트로 치즈 크러스트, 헤이!리키, 혜성특급, 브로드웨이"
179,179,179,신화돌담집,제주도%20신화돌담집,https://m.place.naver.com/restaurant/37195363/menu/list,"흑돼지왕꼬치구이(2인), 신화모듬 2인, 돌담스테이크2인 (추천), 김치말이국수, 어린이 짜장, 한라산 김치 볶음밥, 흑돼지왕꼬치구이(4인), 신화 돌담집 패밀리 셋트 700g, 신화 돌담집 패밀리 셋트 900g, 신화 모듬 (4인), 돌담스테이크4인 (추천), 흑돼지 모듬(300g), 자투리 구이(300g), 삼겹살(300g), 돼지 막창(400g)"
180,180,180,애월더선셋,제주도%20애월더선셋,https://m.place.naver.com/restaurant/37191637/menu/list,"치즈오믈렛, 생과일프렌치토스트, 아메리카노, 브런치, 과일에이드, 생과일쥬스, 수입맥주, 계절샐러드"
181,181,181,애월빵명장,제주도%20애월빵명장,https://m.place.naver.com/restaurant/1540982509/menu/list,"아메리카노, 빵, 에스프레소, 카페라떼, 카푸치노, 바닐라 라떼"
182,182,182,엉덩물횟집,제주도%20엉덩물횟집,https://m.place.naver.com/restaurant/448396704/menu/list,"특정식 D 1人, 특정식 B 1人, 특정식 A 1人, 황돔회, 엉덩물 특정식 스페셜 코스 1人, 갓돔회, 다금바리회, 구문쟁이(능성어), 갈치구이, 갈치조림, 갈치회, 고등어구이, 모듬회, 뿔소라회, 소라물회"
183,183,183,연동마라도,제주도%20연동마라도,https://m.place.naver.com/restaurant/19765895/menu/list,"모듬회, 대방어2인, 고등어회2인, 다금바리, 돌돔, 벵에돔, 황돔, 제주광어, 특 대방어 모둠(1인), 특대방어 뱃살(1인), 생참치,특대방어뱃살+특수부위 코스 1인, 생참치만 주문 1인, 데친 제주무늬오징어, 제주 광어회, 제주뿔소라회+문어"
184,184,184,오는정김밥,제주도%20오는정김밥,https://m.place.naver.com/restaurant/1011125170/menu/list,"오는정김밥, 치즈김밥, 떡갈비김밥, 참치김밥, 깻잎김밥, 멸치김밥"
185,185,185,우정회센타,제주도%20우정회센타,https://m.place.naver.com/restaurant/36631530/menu/list,"새우튀김(10마리), 전복구이(8마리), 우럭, 광어, 참돔, 도다리, 모둠, 딱새우회, 딱새우찜, 딱새우구이, 딱새우간장, 전복회, 딱새우 전복구이, 부시리, 광어"
186,186,186,울트라마린,제주도%20울트라마린,https://m.place.naver.com/restaurant/1289060635/menu/list,"아메리카노, 카페라떼, 썬셋아이스티, 썬라이즈 아이스티"
187,187,187,이스방한상,제주도%20이스방한상,https://m.place.naver.com/restaurant/1209672147/menu/list,"시그니쳐, 한상, 작은상"
188,188,188,인디언썸머,제주도%20인디언썸머,https://m.place.naver.com/restaurant/31872062/menu/list,
189,189,189,인디언키친,제주도%20인디언키친,https://m.place.naver.com/restaurant/702550255/menu/list,"양갈비, 양고기 꼬치요리 / LAM TIKKA, 탄두리 치킨, 카쉬미르 까밥, 전복커리 / ABALONE CURRY, 새우커리 / PRAWN CURRY, 버터치킨/BUTTER CHICKEN, 치킨 커리 /CHICKEN CURRY, 양고기 커리 / LAMB CURRY, 양고기 비리아니, 치킨 비리아니, 새우 초우민, 채소 초우민, 빠니르 버터 마살라, 가든커리"
190,190,190,자리돔횟집,제주도%20자리돔횟집,https://m.place.naver.com/restaurant/16912908/menu/list,"고등어회 (소), 고등어회, 방어회 (소), 자리회 (3월말 ~ 7월말), 매운탕,지리, 고등어조림 각, 자리물회, 한치물회, 모듬회 (소), 활한치물회, 활한치덮밥, 객주리물회, 고등어구이, 우럭돔매운탕, 고등어조림 중, 고등어조림 대, 우럭조림 중, 우럭조림 대"
191,191,191,전망좋은집,제주도%20전망좋은집,https://m.place.naver.com/restaurant/1877931061/menu/list,"에스프레소, 아메리카노, 카페라떼, 바닐라라떼, 카페모카, 카라멜마끼아또, 딸기에이드, 베이글, 바나나프렌치토스트, 세계병맥주, 나쵸, 감자튀김, 순살치킨, 비갠플레이트, 새우볶음밥"
192,192,192,제일성심당,제주도%20제일성심당,https://m.place.naver.com/restaurant/16952124/menu/list,"이불빵, 떡도넛, 블루베리 티라미수, 청양고추치아바타, 나비파이, 로쉘 크림치즈, 제주 당근케이크, 단호박쌀카스테라, 기리쉬깍두기"
193,193,193,제주약수터,제주도%20제주약수터,https://m.place.naver.com/restaurant/1259656724/menu/list,"찢은 고기와 빵 (풀드포크BBQ플래터), 무료시음서비스, 제주수제맥주 340cc 글라스, 제주수제맥주 500cc 포장, 제주수제맥주 1000cc 포장, 제주수제맥주 1500cc 포장, 대만식 마늘쫑파스타, 볼로냐식 라구파스타, 미야자키식 닭튀김, 프랑스식 토마토절임과 치즈, 버팔로윙과 감자튀김, 멕시코식 나초칩, 러스크(에피타이저), 태국식당면샐러드, 수제베이컨과 감자튀김"
194,194,194,제주크랩잭,제주도%20제주크랩잭,https://m.place.naver.com/restaurant/1349608772/menu/list,"3종갈치'정식'세트(조림+회+구이), 이조은 갈치조림 (밥도둑), 이조은 갈치조림 3종세트, E조은 갈치조림 3종세트"
195,195,195,제주향토골,제주도%20제주향토골,https://m.place.naver.com/restaurant/36714280/menu/list,"갈치구이 1인, 갈치조림 1인, 갈치국, 고등어구이, 고등어조림 1인, 옥돔구이 1인, 한치물회, 회덮밥, 해물전복뚝배기, 성게미역국, 전복죽, 제주말고기육회, 제주말고기철판구이, 제주말고기육개장, 제주흑돼지제육볶음"
196,196,196,중문마사지,제주도%20중문마사지,https://m.place.naver.com/restaurant/64615557/menu/list,"전신마사지(60분/100분), 스톤아로마마사지(60분/100분), 발마사지(50분), 얼굴마사지(50분)"
197,197,197,카페글렌코,제주도%20카페글렌코,https://m.place.naver.com/restaurant/1281784128/menu/list,"생강차, 아메리카노, 카푸치노, 카페라떼, 녹차라떼, 초코라떼, 밀크티, 오미자차, 한라봉차, 그린 한라봉 또는 오미자에이드, 제주 보리미숫가루 블렌디드, 토마토주스, 카페모카라떼, 바닐라라떼, 카라멜라떼"
198,198,198,카페보롬왓,제주도%20카페보롬왓,https://m.place.naver.com/restaurant/1379867162/menu/list,"에스프레소, 아메리카노, 카페라떼, 카페모카, 바닐라라떼, 보롬커피, 보롬라떼, 눈꽃자몽, 당근주스, 카라멜마끼아토"
199,199,199,카페청굴물,제주도%20카페청굴물,https://m.place.naver.com/restaurant/1559169598/menu/list,"청굴물슈페너, 우도땅콩크림라떼, 김녕에 반하나, 에스프레소, 아메리카노, 카페라떼, 바닐라라떼, 카페모카, 카라멜마끼아또, 아인슈페너, 쑥쑥라떼, 리얼초코, 민트초코, 레몬유자/한라봉/자몽 에이드, 레몬유자/한라봉/자몽 차"
200,200,200,크라운돼지,제주도%20크라운돼지,https://m.place.naver.com/restaurant/1467395655/menu/list,"셰프의 선택 A, 오겹살, 셰프의 선택 B, 쫄데기살(160g), 돈마호크(270g), 크라운 김치찌개, 크라운 물비빔냉면, 크라운 볶음밥"
201,201,201,큰갯물횟집,제주도%20큰갯물횟집,https://m.place.naver.com/restaurant/37101721/menu/list,"🐟자연산활어류, 🐠통갈치구이, 🐟한치회,고등어회,갈치회 각, 🦞매운탕, 갈치조림, 제철회 히라스 , 방어회, 갓돔, 다금바리"
202,202,202,파라토도스,제주도%20파라토도스,https://m.place.naver.com/restaurant/1554789738/menu/list,"3단 트레이 A,B,C, 칵테일, 논알콜 칵테일, 투움바 파스타, 매콤 해물토마토 파스타, 슈림프 알리오올리오, 흑돼지 로제 파스타, 더치커피, 카페라떼, 블랙슈페너, 제주녹차슈페너"
203,203,203,한라봉스시,제주도%20한라봉스시,https://m.place.naver.com/restaurant/1903527640/menu/list,"천국의 섬, 천국의 계단, 천국의 다리, 제주 은갈치 초밥, 런치 초밥 A세트, 런치 초밥 B세트, 런치 특선 초밥 세트, 디너 한라봉 세트, 디너 특선 초밥 세트, 디너 명품 초밥 세트, 1인 혼밥 세트, 도로초밥, 흑돼지 삼겹 훈연 초밥, 연어초밥, 연어스테이크초밥"
204,204,204,함쉐프키친,제주도%20함쉐프키친,https://m.place.naver.com/restaurant/805039877/menu/list,"원조 인생짬뽕, 왕갈비짬뽕, 커플세트(A-C), 패밀리 세트, 스파게티 로제, 흑돼지돈까스, 바다볶음밥, 버섯샐러드, 연어샐러드"
205,205,205,해녀세자매,제주도%20해녀세자매,https://m.place.naver.com/restaurant/1115697217/menu/list,"해녀세자매 너영나영Set A, 해녀해물탕(소), 통갈치조림(소)1마리, 해녀세자매 혼디들엉Set B, 통갈치조림(대)2마리, 해녀해물탕(대), 모듬회와 해산물, 모듬물회, 통갈치구이, 전복구이, 고등어구이, 특대흑옥돔구이, 딱새우찜, 갑오징어튀김, 보말전"
206,206,206,해녀잠수촌,제주도%20해녀잠수촌,https://m.place.naver.com/restaurant/11712196/menu/list,"전복뚝배기, 전복물회, 전복죽, 성게미역국, 회덮밥, 보말미역국, 회국수, 갈치회, 한치물회, 고등어회, 멍게회, 한치회, 해삼, 낙지, 문어"
207,207,207,돈사돈2호점,제주도%20돈사돈2호점,https://m.place.naver.com/restaurant/37664133/menu/list,"흑돼지 근고기 (400g), 흑돼지 근고기 (2인기준)  (600g), 흑돼지 근고기 (3인기준)  (800g), 김치찌개 (+공기밥), 공기밥, 백돼지 근고기 (400g), 백돼지 근고기 (600g), 백돼지 근고기 (800g)"
208,208,208,모살물2호점,제주도%20모살물2호점,https://m.place.naver.com/restaurant/1056433527/menu/list,"벵에돔, 황 돔, 모듬회(대), 매운탕(대), 지리탕(대)"
209,209,209,오지힐 제주,제주도%20오지힐 제주,https://m.place.naver.com/restaurant/1382577279/menu/list,"Jeju파블로바, 오지슈페너, Jeju파블로바 더블, 케언즈, 과테말라, 두메르소, 에티오피아(디카페인), 롱블랙, 라떼, 플랫화이트, 바닐라빈 라떼, 오지아이스, 오지뮬 에이드, 청포도 에이드, 패션후르츠 에이드"
210,210,210,회춘 애월점,제주도%20회춘 애월점,https://m.place.naver.com/restaurant/1586599551/menu/list,"아메리카노, 블루치즈크림뇨끼, 부라타프렌치토스트, 샥슈카&깜바뉴브레드, 브렉퍼스트0, 브런치플레터, 회춘아포가토, 하르방크로플, 쇼콜라라떼, 딸기라떼, 생라임에이드, 생레몬에이드, 청에이드, 스무디4종, 말차라떼"
211,211,211,(주)대유산업,제주도%20(주)대유산업,https://m.place.naver.com/restaurant/85745565/menu/list,
212,212,212,(주)바다바라,제주도%20(주)바다바라,https://m.place.naver.com/restaurant/1892828298/menu/list,베이커리
213,213,213,(주)산굼부리,제주도%20(주)산굼부리,https://m.place.naver.com/restaurant/11491425/menu/list,"성인(대학생포함), 청소년, 어린이(만4세이상), 경로/국가유공자/장애인, 단체성인, 단체청소년/어린이"
214,214,214,(주)한림공원,제주도%20(주)한림공원,https://m.place.naver.com/restaurant/11491281/menu/list,"일반, 청소년, 어린이, 경로"
215,215,215,가시아방국수,제주도%20가시아방국수,https://m.place.naver.com/restaurant/16950110/menu/list,"커플세트, 돔베고기, 고기국수, 비빔국수, 멸치국수, 물만두, 고기국수 곱배기, 비빔국수 곱배기, 멸치국수 곱배기, 돔베고기 절반"
216,216,216,국수바다본점,제주도%20국수바다본점,https://m.place.naver.com/restaurant/35372610/menu/list,"고기국수, 회국수, 비빔국수, 밀면, 성게전복국수, 회국수+고기국수+수육+왕만두2개, 고기국수+비빔국수+돔베고기+왕만두2개, 성게전복국밥, 왕만두(3개), 아강발, 몸국, 수육, 성게전복국수, 제주국수바다 한상차림(4인)"
217,217,217,궁중오메기떡,제주도%20궁중오메기떡,https://m.place.naver.com/restaurant/1510573611/menu/list,"오메기떡 (팥) 한되(50알), 크림오메기떡 한되(50알), 오메기떡 (팥) 반되(25)알, 오메기떡 (견과류) 한되(50알), 오메기떡 (견과류) 반되(25알), 오메기떡 (콩가루) 한되(50알), 오메기떡 (콩가루) 반되(25알), 오메기떡 (반반) 한되 (50알), 오메기떡 (반반) 반되 (25알), 오메기떡 (모듬) 한되(50알), 오메기떡 (모듬) 반되(25알), 전국 택배 가능, 흑임자오메기떡 한되(50알), 흑임자오메기떡 반되(25알), 크림오메기떡 반되(25알)"
218,218,218,노을해안1014,제주도%20노을해안1014,https://m.place.naver.com/restaurant/1905326757/menu/list,"전기바이크1인40분, 아메리카노, 카페라떼, 전기바이크2인40분, 전기바이크1인60분, 전기바이크100분1인승"
219,219,219,도두해녀의집,제주도%20도두해녀의집,https://m.place.naver.com/restaurant/13391363/menu/list,"전복죽, 물회 (특), 회덮밥, 한치덮밥, 성게비빔밥, 전복물회, 한치물회, 전복성게미역국, 성게미역국, 고등어양념구이, 전복회 대, 전복회 소"
220,220,220,돈이랑성산점,제주도%20돈이랑성산점,https://m.place.naver.com/restaurant/37157723/menu/list,"제주 흑돼지(600g 2인), 제주 흑돼지(900g 3인), 흑돼지 추가 300g, 보말칼국수(2인), 흑돼지 김치찌개, 열무냉국수(여름별미), 제주 흑돼지(1200g 4인), 어린이해물된징찌개, 해물된장찌개, 소면, 비빔국수"
221,221,221,리틀보라카이,제주도%20리틀보라카이,https://m.place.naver.com/restaurant/1947329475/menu/list,"전복게우크림파스타/리조또, 제주 돼지 수비드 스테이크, 딱새우 명란 크림 파스타/리조또, 하우스 수비드 스테이크, 수제 치즈 샐러드, 스테이크 샐러드, 생연어샐러드, 불고기 에그 베네딕트, 보코치니 토마토 파스타, 쉬림프 알리오올리오, 베이컨 알리오올리오, 크리스피 빠따, 시즐링 감바스, 갈릭 라이스, 생망고 슬라이스"
222,222,222,미르오메기떡,제주도%20미르오메기떡,https://m.place.naver.com/restaurant/13512790/menu/list,"미르오메기떡 혼합 50알, 미르오메기떡 혼합30알, 오메기떡(낱개), 팥오메기 50알, 팥오메기 30알, 귤 오메기 50알, 귤 오메기 30알, 견과류 오메기 50알, 견과류 오메기 30알, 흑임자오메기 50알, 흑임자오메기 30알, 콩가루오메기 50알, 콩가루오메기 30알"
223,223,223,산도롱맨도롱,제주도%20산도롱맨도롱,https://m.place.naver.com/restaurant/37053406/menu/list,"홍갈비국수/백갈비국수, 커플세트, 마약육전, 멜로돔베, 고기국수"
224,224,224,섬나라오메기,제주도%20섬나라오메기,https://m.place.naver.com/restaurant/33122246/menu/list,"개당(오메기떡), 개당(견과류), 개당(감귤), 30개, 50개, 60개, 개당(콩가루오쟁이떡), 개당(흑임자오쟁이떡), 개당(밥알찰떡)"
225,225,225,성산갈치맛집,제주도%20성산갈치맛집,https://m.place.naver.com/restaurant/1465526302/menu/list,"통갈치조림 (중), 통갈치구이, 통갈치조림(대), 통갈치구이 (대), 통갈치구이 (특대), 통갈치조림 2인세트, 통갈치조림 3인세트, 통갈치조림 4인세트, 통갈치구이 2인세트, 통갈치구이 3인세트, 통갈치구이 4인세트, 토막갈치조림 (중), 토막갈치조림 (대)"
226,226,226,성산스튜디오,제주도%20성산스튜디오,https://m.place.naver.com/restaurant/1323914842/menu/list,"흑백셀프_제주, 흑백셀프_해요, 전체촬영원본, 증명/여권사진"
227,227,227,쇠소깍빵명장,제주도%20쇠소깍빵명장,https://m.place.naver.com/restaurant/1238493751/menu/list,음료는 메뉴판을 참고해주세요
228,228,228,스시우도포차,제주도%20스시우도포차,https://m.place.naver.com/restaurant/1020649585/menu/list,"특 스시우도(16), 스시우도(12p), 참치대뱃살초밥(12p), 통한치해물짬뽕라면, 딱새우초밥(12p)"
229,229,229,신우성흑돼지,제주도%20신우성흑돼지,https://m.place.naver.com/restaurant/11607481/menu/list,"제주 흑돼지 오겹살 set, 제주 흑돼지모듬 set 중, 흑돼지 모듬세트 중, 제주 흑돼지 오겹살 중, 제주 흑돼지 모듬 set 대, 흑돼지 오겹살 대, 제주 흑돼지 오겹살 세트 대, 흑돼지 오겹살, 항정살 가브리살, 흑돼지 모듬세트 대, 갈비탕, 돌솥비빔밥, 불고기 돌솥비빔밥, 소양념갈비, 양념불고기"
230,230,230,아라파파북촌,제주도%20아라파파북촌,https://m.place.naver.com/restaurant/1528203196/menu/list,"아메리카노, 조각케이크"
231,231,231,애월당공항점,제주도%20애월당공항점,https://m.place.naver.com/restaurant/1778851136/menu/list,"현무암하카롱 5구, 프리미엄하카롱 5구, 애월돌크림빵, 땅콩돌크림빵, 딸기돌크림빵, 종합9구세트, 애월돌크림빵4구세트, 아메리카노, 카페라떼, 바닐라라떼, 한라봉차, 흑당 버블 밀크티, 흑당 버블 그린티, 흑당 우도땅콩 버블 밀크티, 리얼 초코 우유"
232,232,232,애월은혜전복,제주도%20애월은혜전복,https://m.place.naver.com/restaurant/38704266/menu/list,"전복돌솥밥, 전복뚝배기, 성게 품은 전복 물회, 전복죽, 전복구이, 전복찜, 전복해물라면"
233,233,233,엔츠노래타운,제주도%20엔츠노래타운,https://m.place.naver.com/restaurant/123699226/menu/list,노래방
234,234,234,제주기장횟집,제주도%20제주기장횟집,https://m.place.naver.com/restaurant/37557926/menu/list,"회포장 메뉴판 확인필수, 광어&참돔 2인회코스, 참돔&벵에돔 2인회코스, 참돔&돌돔(뺀찌) 2인스페샬회코스, 능성어(구문쟁이) 4인 스페샬코스, 능성어(구문쟁이) 4인 한상스페샬, 다금바리/ 돌돔, 포장메뉴 광어&참돔 2인, 포장메뉴 참돔 2인, 포장메뉴 참돔&벤자리돔 2인"
235,235,235,제주동백별장,제주도%20제주동백별장,https://m.place.naver.com/restaurant/1885942621/menu/list,"제주동백별장, 동백별장"
236,236,236,제주바다해찬,제주도%20제주바다해찬,https://m.place.naver.com/restaurant/1212796945/menu/list,"해찬물회, 보말전복 칼국수, 전복죽, 전복해물뚝배기, 고등어구이, 제주 뿔소라찜, 전복구이, 광어사시미, 고등어사시미, 딱새우회, 해찬 모듬 해산물, 뿔소라회, 전복회, 홍해삼, 성게알"
237,237,237,제주색달식당,제주도%20제주색달식당,https://m.place.naver.com/restaurant/1722630418/menu/list,"한방보쌈, 맑은육개장, 육마니육개장, 제주고사리육개장, 육개장전골, 보쌈한판(1인한방보쌈), 육개장 칼국수/얼큰떡국, 떡만두국, 전복육개장"
238,238,238,제주시새우리,제주도%20제주시새우리,https://m.place.naver.com/restaurant/1000529963/menu/list,"딱새우김밥, 딱새우꼬막무침, 간장새우컵밥, 새우모듬튀김, 한라봉에이드, 새우리해물라면, 백향과에이드, 더치커피"
239,239,239,제주오성본점,제주도%20제주오성본점,https://m.place.naver.com/restaurant/37797002/menu/list,"은절미정식1(2인), 은절미정식2(2인), 절벤정식(2인), 우찍정식(2인), 솔벤정식(4인), 제펜정식(2인), 제펜정식(3~4인), 절벤정식(3~4인), 은절미정식2(3~4인), 은절미정식1(3~4인), 우찍정식(3~4인), 통문개 지슬(감자)튀김, 성게미역국, 고등어구이, 옥돔구이"
240,240,240,중문갈치노릇,제주도%20중문갈치노릇,https://m.place.naver.com/restaurant/1575915609/menu/list,"통갈치구이, 통갈치조림, 갈치솥밥"
241,241,241,청파식당횟집,제주도%20청파식당횟집,https://m.place.naver.com/restaurant/16888383/menu/list,"활고등어회, 활어회, 전복구이, 우럭매운탕, 전복뚝배기, 고등어구이, 활고등어회 대, 해물탕-대, 우럭조림.매운탕-대, 고등어조림-대, 고등어회+회덮밥+매운탕, 고등어회+전복뚝배기+고등어구이, 해물탕(소), 우럭조림.매운탕(소), 고등어조림(중)"
242,242,242,초록달과자점,제주도%20초록달과자점,https://m.place.naver.com/restaurant/1810016105/menu/list,에그타르트
243,243,243,칠돈가직영점,제주도%20칠돈가직영점,https://m.place.naver.com/restaurant/698593343/menu/list,"제주산 흑돼지 근고기 300g, 제주산 흑돼지 뼈근고기 300g, 제주산 백돼지 근고기 600g, 제주산 백돼지 근고기 한근반 900g, 김치찌개 (공기밥 별도)"
244,244,244,하이드브레드,제주도%20하이드브레드,https://m.place.naver.com/restaurant/1020071918/menu/list,
245,245,245,협재고기부엌,제주도%20협재고기부엌,https://m.place.naver.com/restaurant/1774044671/menu/list,"흑돼지세트(흑목살&흑오겹)550g, 부엌세트(통목살&통삼겹)550g, 한우육회"
246,246,246,vip노래연습장,제주도%20vip노래연습장,https://m.place.naver.com/restaurant/1297821639/menu/list,노래방
247,247,247,까페 나모나모,제주도%20까페 나모나모,https://m.place.naver.com/restaurant/1582318900/menu/list,"콩가루집안, 로맨틱선셋, 아메리카노, 아인슈페너, 현무암라떼, 카페라떼, 한라봉, 로즈자몽티, 로즈베리티, 파인애플 에이드, 에스프레소, 카푸치노, 바닐라라떼, 카페모카, 카라멜마끼아또"
248,248,248,돈사돈 중문점,제주도%20돈사돈 중문점,https://m.place.naver.com/restaurant/35696852/menu/list,"흑돼지 제주산(근고기) 400g(추가, 2인기준 600g, 3인기준 800g, 김치찌개+공기밥, 맥주, 소주, 청하"
249,249,249,숙성도 함덕점,제주도%20숙성도 함덕점,https://m.place.naver.com/restaurant/1300270438/menu/list,"960뼈등심, 720삼겹살, 720 뼈목살, 720 숙성1%목살, 560통항정, 560통갈매기"
250,250,250,하이엔드 제주,제주도%20하이엔드 제주,https://m.place.naver.com/restaurant/1828477580/menu/list,"아메리카노, 용천수, 염 커피, 우도땅콩라떼, 레드펀치, 옐로우패션, 카페라떼, 카푸치노, 바닐라라떼, 카페모카, 카라멜마끼아또, 한라봉차/레몽차, 청귤에이드, 애플망고쥬스, 초코/홍차/말차우유, 블루베리우유"
251,251,251,호텔더본 제주,제주도%20호텔더본 제주,https://m.place.naver.com/restaurant/37899283/menu/list,
252,252,252,1943제주연동점,제주도%201943제주연동점,https://m.place.naver.com/restaurant/1770074028/menu/list,"로제파스타치킨, 1943제육볶음, 감바스, 소떡소떡, 오지치즈후라이, 쫄삼(쫄면+삼겹살), 한근김치찌개, 치즈김치볶음밥, 오징어숙회, 1943짜파구리"
253,253,253,글라글라하와이,제주도%20글라글라하와이,https://m.place.naver.com/restaurant/38712171/menu/list,"하와이안해물찜, 피쉬버거, 달고기 피쉬앤칩스, 은갈치앤칩스, 하와이안포키볼, 하외이안갈릭쉬림프볶음밥, 수제맥파이생맥주, 시나몬롤, 구좌당근케이크"
254,254,254,도토리키친본점,제주도%20도토리키친본점,https://m.place.naver.com/restaurant/223026237/menu/list,"청귤소바, 청귤소바+톳유부초밥, 냉소바, 청귤소바+새우감자고로케, 롤카베츠(겨울한정), 소바롤, 톳유부초밥 3ps, 청귤에이드, 닭껍질교자, 새우감자고로케"
255,255,255,돈사돈  월정점,제주도%20돈사돈  월정점,https://m.place.naver.com/restaurant/1459168390/menu/list,"흑돼지 근고기 (600g), 흑돼지 근고기 (800g), 김치찌개"
256,256,256,링코제주시청점,제주도%20링코제주시청점,https://m.place.naver.com/restaurant/1466169629/menu/list,"2가지 메뉴, 3가지 메뉴"
257,257,257,마노카페하우스,제주도%20마노카페하우스,https://m.place.naver.com/restaurant/1731799898/menu/list,"파나마 에스메랄다 게이샤 '내추럴' 프라이빗 컬렉션, 자메이카 블루마운틴 NO.1, 하와이안 코나 엑스트라 팬시, 예멘 모카 마타리, 프리미엄커피 (내추럴, 허니프로세싱, 마이크로 랏, 피베리 등), 스페셜티 커피 (오늘의 커피), 에스프레소 싱글오리진 더블, 라떼, 캬라멜 마끼아또, 제주 아일랜드 쿠키, 제주가 그린 라떼, 아인슈페너"
258,258,258,맥파이블루버드,제주도%20맥파이블루버드,https://m.place.naver.com/restaurant/35877514/menu/list,한국 수제맥주
259,259,259,문개항아리조천,제주도%20문개항아리조천,https://m.place.naver.com/restaurant/37197957/menu/list,"우삼겹 통해물라면 2인, 우삼겹 통해물칼국수 2인, 칼라(칼국수반 라면반), 문어라면, 한치라면, 한치튀김, 새우튀김, 반반튀김, 통문어튀김, 한라봉아이스크림, 우삼겹 통해물라면 3인, 우삼겹 통해물라면 4인, 우삼겹 통해물칼국수 3인, 우삼겹 통해물칼국수 4인, 칼라(칼국수반 라면반) 3인"
260,260,260,버거요제주본점,제주도%20버거요제주본점,https://m.place.naver.com/restaurant/1062026034/menu/list,"관자스테이크 버거, 대게 버거, 밀푀유치즈피자파이, 버터구이 관자포, 감자 튀김, 바이젠 (라인 도이치 브루어리), 필스너 (라인 도이치 브루어리)"
261,261,261,복자씨연탄구이,제주도%20복자씨연탄구이,https://m.place.naver.com/restaurant/35769744/menu/list,"흑돼지 근고기(600g), 김치찌개, 백돼지 근고기(600g)"
262,262,262,산호풍경이호점,제주도%20산호풍경이호점,https://m.place.naver.com/restaurant/1286278276/menu/list,
263,263,263,소금바치순이네,제주도%20소금바치순이네,https://m.place.naver.com/restaurant/36690197/menu/list,"돌문어볶음 소, 돌문어볶음 대, 해물탕 소, 해물탕 대, 모듬해산물 소, 모듬해산물 대, 해물뚝배기, 전복뚝배기, 성게국, 보말국, 전복죽, 톳성게비빔밥, 갈치조림 대, 갈치조림 소, 고등어묵은지조림 대"
264,264,264,수애기베이커리,제주도%20수애기베이커리,https://m.place.naver.com/restaurant/1288889499/menu/list,"Espresso Double_에스프레소 더블, Americano_아메리카노, Cafe Latte_카페라떼, Cafe Mocha_카페모카, Flat White_플랫 화이트, Dolche Latte_돌체라떼, Vanilla latte_바닐라라떼, Caramel Latte_카라멜라떼, Caramel Macchiato_카라멜마끼아또, TWG 1837 Black Tea_블랙티, TWG Earl grey _얼그레이, TWG Silver Moon_실버 문, TWG Moroccan Mint_모로칸민트, Green Tea Latte_말차라떼, Choco Latte_초코라떼"
265,265,265,쌍둥이횟집본점,제주도%20쌍둥이횟집본점,https://m.place.naver.com/restaurant/11714447/menu/list,"4인 자특 모듬스페샬, 4인 특 모듬스페샬, 4인 모듬스페샬, 2인 특 모듬스페샬, 2인 스페샬, 다금바리, 갯돔, 구문쟁이(능성어), 벵어돔(구리), 참돔"
266,266,266,아베베베이커리,제주도%20아베베베이커리,https://m.place.naver.com/restaurant/1476605250/menu/list,"제주오메기도너츠, 우도땅콩크림도너츠, 협재 할망떡집 소보로, 더티초코, 샤려니 크림 왕밤빵, 조천오메기품은단팥빵, 제주 오메기떡 소보로 도너츠, 한라산 돌벵이 도너츠 2개, 산방산 고구마 크림 도너츠, 애월 인절미 크림 도너츠, 아베베 더티 초코 크림 도너츠"
267,267,267,어린왕자감귤밭,제주도%20어린왕자감귤밭,https://m.place.naver.com/restaurant/1659002184/menu/list,아메리카노
268,268,268,이스트포레스트,제주도%20이스트포레스트,https://m.place.naver.com/restaurant/1803296766/menu/list,"문어 크림 파스타, 해산물누룽지토마토파스타, 전복버터구이리조또, 한치오일일파스타, 버터 새우 로제파스타, 문어 먹물 리조또, 수비드포레스트 스테이크, 수비드스테이크피자, 고르곤졸라 피자, 마르게리따 피자, 마늘빵"
269,269,269,일돈성산흑돼지,제주도%20일돈성산흑돼지,https://m.place.naver.com/restaurant/1831275437/menu/list,"일돈흑돼지 오겹살, 일돈흑돼지 목살, 흑돼지 김치찌개, 냉면"
270,270,270,자연스러운식당,제주도%20자연스러운식당,https://m.place.naver.com/restaurant/1041364852/menu/list,"한라봉과 유채꽃 꿀을 가미한 그릭문어샐러드, 제주 수블라키 와 차지키, 제주 보말 라이스, 치킨 새우 사가나키, 비스크 링귀니 스파게티, 제주 갈치필렛 빠삐요트, 자연스러운 생선 한마리, 자연스러운 플래터, 자연스러운 2인 쉐어코스, 자연스러운팟(부야베스), 자연스러운 전복 스프"
271,271,271,제스타노래타운,제주도%20제스타노래타운,https://m.place.naver.com/restaurant/1446608935/menu/list,
272,272,272,제주광해애월점,제주도%20제주광해애월점,https://m.place.naver.com/restaurant/1374828905/menu/list,"갈치조림, 고등어조림, 전복뚝배기, 해물뚝배기, 성게미역국, 갈치구이 SET, 광해모둠大, 광해모둠小, 항공모함 통갈치조림, 전복갈치조림 SET 소, 전복갈치조림 SET 대, 전복고등어조림 SET 소, 전복고등어조림 SET 대, 전복구이 추가"
273,273,273,제주김만복본점,제주도%20제주김만복본점,https://m.place.naver.com/restaurant/1773970782/menu/list,"만복이네김밥, 통전복주먹밥, 숯불갈비주먹밥, 오징어무침비빔면, 해물라면, 오징어무침, 간장새우전복장, 삼다수생수, 스프라이트, 코카콜라, 댕귤잼, 댕귤청, 제주김만복 김, 전복돌솥누룽지, 딱새우돌솥누룽지"
274,274,274,제주향토음식점,제주도%20제주향토음식점,https://m.place.naver.com/restaurant/16835580/menu/list,정식 1인(2인이상)
275,275,275,하갈비정육식당,제주도%20하갈비정육식당,https://m.place.naver.com/restaurant/1879049530/menu/list,"투뿔등심(100g), 흑돼지 오겹살(100g), 흑돼지 목살(100g), 채끝등심(100g), 갈비살(100g), 안심(100g), 낙엽살(100g), 제비추리(100g), 치마살(100g), 새우살(100g), 살치살(100g), 안창살(100g), 안거미(100g), 소고기모듬, 대파 육회 (中 180g)"
276,276,276,형제도식당본점,제주도%20형제도식당본점,https://m.place.naver.com/restaurant/37293796/menu/list,"2인 통갈치 구이+조림, 3인 통갈치 구이+조림, 4인 통갈치 구이+조림, 2인 통갈치구이, 3인 통갈치구이, 4인 통갈치구이, 2인 통갈치조림, 3인 통갈치조림, 4인 통갈치조림"
277,277,277,봉순이네 흑돼지,제주도%20봉순이네 흑돼지,https://m.place.naver.com/restaurant/16934117/menu/list,"흑돼지모듬한판 중, 흑돼지한근, 봉순이흑돼지정식, 수제양념갈비, 후식냉면, 라면사리, 흑돼지김치찌개, 후식꽃게된장찌개, 봉순이네흑돼지정식(200g) 점심메뉴, 흑돼지김치전골(점심메뉴), 흑돼지모듬한판 대, 갈매기살, 새우추가, 전복추가"
278,278,278,에오마르(EOMAR),제주도%20에오마르(EOMAR),https://m.place.naver.com/restaurant/1256054205/menu/list,Americano
279,279,279,우정회센타2호점,제주도%20우정회센타2호점,https://m.place.naver.com/restaurant/36631530/menu/list,"새우튀김(10마리), 전복구이(8마리), 우럭, 광어, 참돔, 도다리, 모둠, 딱새우회, 딱새우찜, 딱새우구이, 딱새우간장, 전복회, 딱새우 전복구이, 부시리, 광어"
280,280,280,천돈가 중문본점,제주도%20천돈가 중문본점,https://m.place.naver.com/restaurant/1707288186/menu/list,"제주 흑돼지(근고기) 100g, 제주흑돼지 돈마호크 640g, 제주 흑돼지 추가 300g, 제주흑돼지 돈마호크 추가 300g, 흑돼지김치찌개, 한라산계란찜, 열무국수"
281,281,281,풍림다방 송당점,제주도%20풍림다방 송당점,https://m.place.naver.com/restaurant/34347933/menu/list,"풍림브레붸, 쇼콜라쇼, 아메리카노, 카페 타히티, 아이스 쇼콜라쇼, 풍림더치, 더치라떼, 아이스 아메리카노, 무농약 감귤쥬스, 제주 뎅유지차, 제주 뎅유지 아이스티, 풍림 수제 쌍화자, 소프트 아이스크림, 아포가토, 디카페인 더치"
282,282,282,해월정 서귀포점,제주도%20해월정 서귀포점,https://m.place.naver.com/restaurant/1291320257/menu/list,"해월정세트[2인특선메뉴], 커플세트[2인특선메뉴], 보말칼국수, 보말죽, 성게보말죽, [특]전복잔치물회, 톳부추천, 톳초무침, 해산물한접시, 멍게한접시, 전복한접시, 문어숙회, 모듬물회 특, 문어보말칼국수 특, 성게보말칼국수 특"
283,283,283,KFC 서귀포중문DT,제주도%20KFC 서귀포중문DT,https://m.place.naver.com/restaurant/37123082/menu/list,"핫크리스피/오리지널치킨 8조각, 갓양념/치르르치킨 8조각, 블랙라벨치킨 8조각, 오리지널블랙라벨치킨 8조각, 갓양념블랙라벨치킨 8조각, 블랙라벨 더블다운맥스박스, 블랙라벨 풀앤치즈박스, 징거더블다운맥스박스, 타워박스, 징거박스"
284,284,284,갓포아키제주도점,제주도%20갓포아키제주도점,https://m.place.naver.com/restaurant/1414609688/menu/list,모둠사시미1인
285,285,285,까망돼지서귀포점,제주도%20까망돼지서귀포점,https://m.place.naver.com/restaurant/37411176/menu/list,"제주흑돼지 600g, 제주흑돼지 추가 300g, 진짜생갈비600g, 진짜생갈비 300g, 김치찌개, 된장찌개, 계란찜, 술"
286,286,286,동문시장오복떡집,제주도%20동문시장오복떡집,https://m.place.naver.com/restaurant/13511969/menu/list,"한박스 48개, 오메기떡 낱개1개, 한박스 25개"
287,287,287,별밤지기노래타운,제주도%20별밤지기노래타운,https://m.place.naver.com/restaurant/1081862238/menu/list,
288,288,288,빠라빠빠노래타운,제주도%20빠라빠빠노래타운,https://m.place.naver.com/restaurant/1112718106/menu/list,"모듬 오뎅탕, 새우 치즈스틱"
289,289,289,삼대국수회관본점,제주도%20삼대국수회관본점,https://m.place.naver.com/restaurant/11727502/menu/list,"돔베고기 세트, 만두 세트, 고기국수, 비빔국수, 돼지국밥, 멸치국수, 멸·고기국수, 도가니스지국수, 열무국수(계절메뉴), 도가니스지수육, 아강발, 돔베고기 (대), 물만두 (대), 돔베고기 중, 물만두 소"
290,290,290,서귀포파리바게뜨,제주도%20서귀포파리바게뜨,https://m.place.naver.com/restaurant/36948966/menu/list,"초코가 달콤한 시간, 디럭스 샌드위치, 아메리카노, 카푸치노"
291,291,291,시즈닝제주협재점,제주도%20시즈닝제주협재점,https://m.place.naver.com/restaurant/1323407786/menu/list,"시즈닝 흑돼지한판, 흑돼지 항정살, 시즈닝 2인런치 A_set, 흑돼지 김치찌게"
292,292,292,애월빵공장앤카페,제주도%20애월빵공장앤카페,https://m.place.naver.com/restaurant/1516216333/menu/list,"현무암쌀빵, 한라봉무스, 딸기팡도르, 현무암쌀빵 3구 패키지, 아메리카노(hot), 딸기라떼, 감귤레드향쥬스, 제주당근쥬스, 한라봉에이드, 히비스커스 유자티(hot), 에메랄드비치에이드"
293,293,293,제주김만복애월점,제주도%20제주김만복애월점,https://m.place.naver.com/restaurant/1176451757/menu/list,"만복이네김밥, 통전복주먹밥, 숯불갈비주먹밥, 전복컵밥, 왕전복죽, 해물라면, 오징어무침, 성게미역국, 삼다수생수, 스프라이트, 댕귤차, 댕귤에이드, 제주댕귤잼, 전복돌솥누룽지, 해녀전복죽"
294,294,294,제주도민상회본점,제주도%20제주도민상회본점,https://m.place.naver.com/restaurant/38265308/menu/list,"숙성흑돼지근고기600g, 숙성제주가브리살200g, 흑돼지김치찌개, 숙성흑돼지근고기400g, 점심특선숙성흑돼지2인, 점심특선숙성흑돼지3인, 해물된장찌개(딱새우+전복), 비빔냉면, 물냉면"
295,295,295,제주판타스틱버거,제주도%20제주판타스틱버거,https://m.place.naver.com/restaurant/1483222410/menu/list,"베이직 버거, 화이트 킹, 커리크림소스, 스위트파마산, 커리크림프라이"
296,296,296,카페루시아(본점),제주도%20카페루시아(본점),https://m.place.naver.com/restaurant/37153676/menu/list,"아메리카노, 카페라떼, 아인슈페너, 에이드, 젤라또 (수제), 소금빵"
297,297,297,투썸플레이스(주),제주도%20투썸플레이스(주),https://m.place.naver.com/restaurant/36948883/menu/list,"초콜릿라떼, 카페 아메리카노, 카페 라떼, 카페 모카, 카라멜 마키아또, 콜드브루, 로얄 밀크티"
298,298,298,스시테이,제주도%20스시테이,https://m.place.naver.com/restaurant/1522752942/menu/list,"넘치는카이센동, 도로우니이쿠라동, 연어알추가(30g), 우니도로동, 우니이쿠라동, 우니전복동, 마구로도로동, 사케이쿠라동, 추가사시미, 1인튀김, 추가우니 (성게알) 50g"
299,299,299,성산수산식당,제주도%20성산수산식당,https://m.place.naver.com/restaurant/1176908561/menu/list,"고등어회, 황돔(양식), 벵에돔, 줄돔, 다금바리, 우럭"
300,300,300,고집돌우럭 중문점,제주도%20고집돌우럭 중문점,https://m.place.naver.com/restaurant/766197218/menu/list,"런치_A set, 디너_산(山)"
301,301,301,고집돌우럭 함덕점,제주도%20고집돌우럭 함덕점,https://m.place.naver.com/restaurant/1177301296/menu/list,"런치_A set, 디너_산 상차림"
302,302,302,돌카롱 제주공항점,제주도%20돌카롱 제주공항점,https://m.place.naver.com/restaurant/1485004969/menu/list,"억새카롱, 유채꽃카롱, 수국카롱, 이호테우카롱, 이호테우우유"
303,303,303,롯데리아 제주공항,제주도%20롯데리아 제주공항,https://m.place.naver.com/restaurant/1280968734/menu/list,"한우 트러플머쉬룸, 한우불고기버거, 더블 한우불고기, 핫크리스피버거, 빅불, 데리버거, 새우버거, 불고기버거"
304,304,304,아쿠아플라넷 제주,제주도%20아쿠아플라넷 제주,https://m.place.naver.com/restaurant/19708047/menu/list,"종합권_대인, 종합권_청소년, 경로, 종합권_소인, 미구엘 슈발리에 전시권_대인, 미구엘 슈발리에 전시권_청소년, 경로, 미구엘 슈발리에 전시권_소인"
305,305,305,앙뚜아네트 용담점,제주도%20앙뚜아네트 용담점,https://m.place.naver.com/restaurant/36186986/menu/list,"용두암 클라우드, 현무암 클라우드, 아메리카노 hot, 아메리카노 ice, 카페라떼 hot, 카페라떼 ice, 카라멜마끼아또 hot, 카라멜마끼아또 ice, 흑당카페라떼 ice, 한라봉 에이드, 한라봉 스무디, 제주말차라떼 hot, 제주말차라떼 ice, 초코라떼 hot, 초코라떼 ice"
306,306,306,오가다 제주공항점,제주도%20오가다 제주공항점,https://m.place.naver.com/restaurant/1574128845/menu/list,"제주바당 청귤 에이드, 제주 한라봉 그린티 스무디, 제주 한라봉 라떼, 제주 한라봉 주스"
307,307,307,칠돈가 표선직영점,제주도%20칠돈가 표선직영점,https://m.place.naver.com/restaurant/37182840/menu/list,"흑도야지 근고기 600g, 백도야지 근고기 600g, 김치찌개, 김치전 추가시"
308,308,308,파리바게뜨 중문점,제주도%20파리바게뜨 중문점,https://m.place.naver.com/restaurant/33299931/menu/list,"아메리카노, 아이스아메리카노, 빅아이스아메리카노, 카페라떼, 아이스카페라떼, 카푸치노, 바닐라라떼/카라멜마끼야또/카페모카, 아이스티(복숭아), 녹차/홍차, 흑당달고나라떼ICE, 흑당달고나커피ICE, 따자몽, 따청귤, 녹차라떼/홍차라떼, 스무디(딸기/망고/딸기바나나)"
309,309,309,(주)서촌제 스시100,제주도%20(주)서촌제 스시100,https://m.place.naver.com/restaurant/1967726445/menu/list,"빨간접시, 일반접시, 나무접시"
310,310,310,(주)오드랑베이커리,제주도%20(주)오드랑베이커리,https://m.place.naver.com/restaurant/16886040/menu/list,"마농바게트, 카페모카, 먹물치아바타, 버터프레첼, 선드라이 치아바타, 크랜베리 깜빠뉴, 인절미 브레드, 초코퐁듀, 버터롤, 슈레드 갈릭, 까르보나라 무슈, 어니언 베이글, 아메리카노, 카페라떼, 카푸치노"
311,311,311,롯데리아제주함덕점,제주도%20롯데리아제주함덕점,https://m.place.naver.com/restaurant/1326834420/menu/list,"한우 트러플머쉬룸, 한우불고기버거, 더블 한우불고기, 핫크리스피버거, 빅불, 데리버거, 새우버거, 불고기버거"
312,312,312,스시도모다찌칠성점,제주도%20스시도모다찌칠성점,https://m.place.naver.com/restaurant/1895798730/menu/list,"왕새우튀김, 초밥 1ps"
313,313,313,어반정글그레이밤부,제주도%20어반정글그레이밤부,https://m.place.naver.com/restaurant/1779237096/menu/list,"흑돼지반미, 정글슈페너, 어반슈페너, 그린슈페너, 흑돼지타코, 수박쥬스, 과일에이드, 생코코넛, 허니버터감자튀김, 아메리카노, 카페라떼, 바닐라라떼, 과일차, 얼그레이갸또"
314,314,314,올레흑돼지김치말이,제주도%20올레흑돼지김치말이,https://m.place.naver.com/restaurant/1907654940/menu/list,
315,315,315,은희네해장국노형점,제주도%20은희네해장국노형점,https://m.place.naver.com/restaurant/1733377255/menu/list,"소고기해장국, 내장탕, 순두부"
316,316,316,제주벨미동문시장점,제주도%20제주벨미동문시장점,https://m.place.naver.com/restaurant/1500283256/menu/list,"베지그랑, 마농, 맵지롱, 코소롱, 돌코롬"
317,317,317,파리바게뜨신제주점,제주도%20파리바게뜨신제주점,https://m.place.naver.com/restaurant/16835879/menu/list,"에스프레소, 아메리카노, 카푸치노, 카페라떼, 카페모카, 녹차, 흑당 버블라떼, 자색고구마라떼, 핫초코, 스팀밀크"
318,318,318,파스쿠찌제주제원점,제주도%20파스쿠찌제주제원점,https://m.place.naver.com/restaurant/36026361/menu/list,"오리지널 드립커피 R, 오리지널 드립커피 L, 아메리카노 R, 아메리카노 L, 카페라떼 R, 카페라떼 L"
319,319,319,회가서쪽에서뜨겠네,제주도%20회가서쪽에서뜨겠네,https://m.place.naver.com/restaurant/1776032984/menu/list,"특대방어회(대), 대방어회(소), 고등어회(소), 딱새우회, 모둠회"
320,320,320,다운타우너 제주애월,제주도%20다운타우너 제주애월,https://m.place.naver.com/restaurant/1712742963/menu/list,"아보카도 버거, 베이컨 치즈 버거, 치즈버거, 더블더블 버거, 더블 베이컨 버거, 에그스크렘블 버거, 해시브라운 버거, 싱글 트러플 버거, 더블 트러플 버거, 오리지널 프라이즈, 치즈 프라이즈, 베이컨 치즈 프라이즈, 트러플 파마산 프라이즈, 스파이시 치폴레 프라이즈, 갈릭 버터 프라이즈"
321,321,321,던킨 제주신화월드점,제주도%20던킨 제주신화월드점,https://m.place.naver.com/restaurant/1798568941/menu/list,"아메리카노, 페이머스 글레이즈드, 해피먼치킨컵(10개입)"
322,322,322,성산일출봉 어멍횟집,제주도%20성산일출봉 어멍횟집,https://m.place.naver.com/restaurant/37061112/menu/list,"고등어갈치딱새우(택2), 고등어갈치딱새우반반반, 2인스페셜(코스요리), 어멍특선2인(풀코스요리), 전복회 小, 고등어회, 갈치회, 딱새우회, 뿔소라,멍게,해삼,문어숙회,자숙새우,연어, 다금바리"
323,323,323,정직한돈 협재직영점,제주도%20정직한돈 협재직영점,https://m.place.naver.com/restaurant/1532034543/menu/list,"숙성흑돼지근고기 600g, 갈매기살 200g, 제주 딱새우회, 흑돼지 김치찌개, 공기밥, 제주흑돼지 해물모듬, 제주흑돼지근고기, 제주갈매기살, 딱새우추가(10마리)"
324,324,324,카페노티드 제주애월,제주도%20카페노티드 제주애월,https://m.place.naver.com/restaurant/1431450188/menu/list,AMERICANO
325,325,325,커피냅로스터스 제주,제주도%20커피냅로스터스 제주,https://m.place.naver.com/restaurant/1979060179/menu/list,"Americano, 에스프레소, 플랫화이트, 카페라떼, 카페바닐라, 콜드브루"
326,326,326,락휴노래타운서귀포점,제주도%20락휴노래타운서귀포점,https://m.place.naver.com/restaurant/1986524114/menu/list,"소주, 맥주 , 양주"
327,327,327,에이바우트제대후문점,제주도%20에이바우트제대후문점,https://m.place.naver.com/restaurant/1206677589/menu/list,"모닝커피, 아메리카노, 카페라떼"
328,328,328,제주김만복동문시장점,제주도%20제주김만복동문시장점,https://m.place.naver.com/restaurant/37609800/menu/list,"만복이네 김밥, 통전복주먹밥, 숯불갈비주먹밥, 전복컵밥, 왕전복죽, 전복성게해물면, 성게미역국, 오징어무침, 삼다수 생수, 스프라이트, 댕귤에이드, 댕귤잼, 전복돌솥누룽지"
329,329,329,제주약수터올레시장점,제주도%20제주약수터올레시장점,https://m.place.naver.com/restaurant/1777244767/menu/list,"4종 샘플러 (1040cc), 무료시음서비스, 제주 수제맥주 340cc 잔, 6종 샘플러 (1560cc), 500cc 포장, 1,000cc 포장, 1,500cc 포장, 베이컨&감자튀김, 올레시장건어물파티, 제주 돈육포"
330,330,330,중문수두리보말칼국수,제주도%20중문수두리보말칼국수,https://m.place.naver.com/restaurant/1296235294/menu/list,"수두리보말칼국수, 전복죽, 물만두, 제주막걸리, 우도땅콩막걸리"
331,331,331,칠돈가제주공항직영점,제주도%20칠돈가제주공항직영점,https://m.place.naver.com/restaurant/1977283571/menu/list,"제주흑돼지 근고기 600g, 김치찌개, 칠돈가 근고기 600g, 냉면, 된장찌개, 공기밥"
332,332,332,케이에프씨제주시청점,제주도%20케이에프씨제주시청점,https://m.place.naver.com/restaurant/1107416809/menu/list,"케이준후라이, 코울슬로, 에그타르트, 비스켓, 징거버거"
333,333,333,테디밸리골프앤리조트,제주도%20테디밸리골프앤리조트,https://m.place.naver.com/restaurant/38460408/menu/list,
334,334,334,파리바게뜨한라병원점,제주도%20파리바게뜨한라병원점,https://m.place.naver.com/restaurant/1159319820/menu/list,"아이스티, 에이드, 스무디, 딸기라떼, 팥빙수"
335,335,335,폴 바셋 제주용담DT점,제주도%20폴 바셋 제주용담DT점,https://m.place.naver.com/restaurant/1728363081/menu/list,"룽고 (Standard), 카페라떼 (Standard), 상하목장 아이스크림"
336,336,336,안녕협재씨 제주협재점,제주도%20안녕협재씨 제주협재점,https://m.place.naver.com/restaurant/1094909215/menu/list,"딱새우장비빔밥, 통전복내장비빔밥, 돌문어장비빔밥, 도마반판, 도마한판"
337,337,337,엔츠노래타운연동3호점,제주도%20엔츠노래타운연동3호점,https://m.place.naver.com/restaurant/1337406233/menu/list,"소주, 맥주"
338,338,338,주왕산업개발 주식회사,제주도%20주왕산업개발 주식회사,https://m.place.naver.com/restaurant/1067226931/menu/list,
339,339,339,투썸플레이스 용두암점,제주도%20투썸플레이스 용두암점,https://m.place.naver.com/restaurant/1063668324/menu/list,"아메리카노, 카페라떼, 티라미슈라떼, 스페니쉬연유카페라떼, 프렌치얼그레이, 카푸치노, 바닐라카페라떼, 카페모카, 카라멜 마키아또, 숏 카페라떼, 롱블랙, 에스프레소, 아이스크림 카페라떼, 콜드브루, 콜드브루 라떼"
340,340,340,바다를본돼지(서귀포점),제주도%20바다를본돼지(서귀포점),https://m.place.naver.com/restaurant/1258606233/menu/list,"바다본 흑돼지2인(550g)+멜조림, 바다본 런치메뉴(일일 100개 한정판매 / 인당 주문가능), 추가) 멜조림(멸치조림), 추가) 흑오겹살(180g), 추가) 흑목살(180g), 키조개야채볶음, 새우구이(10미), 전복구이(6미), 전복뚝배기(공깃밥 별도), 된장찌개(공깃밥 별도), 김치찌개(공깃밥 별도), 돌솥밥+전복내장소스, 런치 100g 추가, 런치 200g 추가"
341,341,341,배스킨라빈스제주함덕점,제주도%20배스킨라빈스제주함덕점,https://m.place.naver.com/restaurant/1981990302/menu/list,"싱글레귤러, 싱글킹, 더블쥬니어, 더블레귤러, 파인트, 쿼터, 패밀리, 하프갤론"
342,342,342,빽다방서귀포올레중앙점,제주도%20빽다방서귀포올레중앙점,https://m.place.naver.com/restaurant/1554180957/menu/list,"앗!메리카노(HOT), 원조커피, 카페모카, 바닐라라떼, 카라멜마키아또, 밀크티, 크리미모카라떼, 달달연유라떼, 완전초코, 녹차라떼, 더블 에스프레소, 자몽티, 청포도플라워, 아이스미초, 달콤아이스틱"
343,343,343,순천미향제주산방산본점,제주도%20순천미향제주산방산본점,https://m.place.naver.com/restaurant/16958513/menu/list,"제왕(제주)삼합(문어전복흑돼지갈비), 갈치조림, 전복구이, 전복해물뚝배기"
344,344,344,에이팩토리베이커리카페,제주도%20에이팩토리베이커리카페,https://m.place.naver.com/restaurant/1032006162/menu/list,"무화과캄파뉴, 에그타르트, 통밀건과일, 크로와상, 아메리카노, 라떼, 생수, 유유, 쥬스 (감귤  /비트)"
345,345,345,주식회사 아라리오 제주,제주도%20주식회사 아라리오 제주,https://m.place.naver.com/restaurant/1322078819/menu/list,
346,346,346,투썸플레이스제주연동점,제주도%20투썸플레이스제주연동점,https://m.place.naver.com/restaurant/31317204/menu/list,"스페니쉬연유라떼, 레몬셔벗에이드, 제주말차프라페, 스트로베리피치프라페, 반숙란샌드위치, BELT샌드위치, 에그브리오슈, 멕시칸파니니, 스윗버터토스트"
347,347,347,파리바게뜨성산일출봉점,제주도%20파리바게뜨성산일출봉점,https://m.place.naver.com/restaurant/36948966/menu/list,"초코가 달콤한 시간, 디럭스 샌드위치, 아메리카노, 카푸치노"
348,348,348,산도롱맨도롱 제주공항점,제주도%20산도롱맨도롱 제주공항점,https://m.place.naver.com/restaurant/1246917171/menu/list,"육전커플세트, 홍갈비국수, 백갈비국수, 고기국수"
349,349,349,던킨도너츠제주한화아쿠아,제주도%20던킨도너츠제주한화아쿠아,https://m.place.naver.com/restaurant/1646670641/menu/list,"핑크뱅쇼, 티라떼, 콜드브루 연유라떼, 블랙버블 라떼, 유자 블랜딩티"
350,350,350,이어돈함덕그첫번째이야기,제주도%20이어돈함덕그첫번째이야기,https://m.place.naver.com/restaurant/1974126202/menu/list,"흑돼지 근고기 (600g), 흑돼지 근고기 (900g), 흑돼지 근고기 (1200g), 흑돼지 추가 (300g)"
351,351,351,중문회포장센터새벽야시장,제주도%20중문회포장센터새벽야시장,https://m.place.naver.com/restaurant/1437085679/menu/list,"딱새우회, 고등어회(1마리), 갈치회, 모듬회(접시), 광어회(접시), 우럭회(접시), 도미회(접시), 농어회(접시), 해산물모듬, 전복회(1마리) 단품, 멍게(접시) 단품, 뿔소라(접시) 단품, 낙지(1마리) 단품, 게불(접시) 단품, 매운탕 단품"
352,352,352,투썸플레이스제주쇠소깍점,제주도%20투썸플레이스제주쇠소깍점,https://m.place.naver.com/restaurant/1234293587/menu/list,"아메리카노, 로얄 밀크티 쉐이크, 오렌지 자몽 주스, 키위 바나나 주스, 망고 바나나 라떼, 자몽 에이드, 카눌레, 오리지널버터스콘, 플레인베이글, 생미쉘 시트러스 마들렌, 카라멜스콘, 호두베이글, 스트로베리 애플 비안코 프라페, 스트로베리 라떼, 스트로베리 요거프라페"
353,353,353,파리바게뜨협재해수욕장점,제주도%20파리바게뜨협재해수욕장점,https://m.place.naver.com/restaurant/1629424201/menu/list,
354,354,354,에이바우트커피 신라신성점,제주도%20에이바우트커피 신라신성점,https://m.place.naver.com/restaurant/1705993684/menu/list,아메리카노
355,355,355,파리바게뜨 함덕해수욕장점,제주도%20파리바게뜨 함덕해수욕장점,https://m.place.naver.com/restaurant/37810592/menu/list,"마시는 컵빙수, 에이드, 스파클링 에이드, 스무디, 우유팥빙수"
356,356,356,투썸플레이스제주애월하귀점,제주도%20투썸플레이스제주애월하귀점,https://m.place.naver.com/restaurant/1549505130/menu/list,아메리카노
357,357,357,,,,no_menu
358,358,358,,,,no_menu
359,359,359,,,,no_menu
360,360,360,,,,no_menu
361,361,361,,,,no_menu
362,362,362,,,,no_menu
363,363,363,,,,no_menu
364,364,364,,,,no_menu
365,365,365,,,,no_menu
366,366,366,,,,no_menu
367,367,367,,,,no_menu
368,368,368,,,,no_menu
369,369,369,,,,no_menu
370,370,370,,,,no_menu
371,371,371,,,,no_menu
372,372,372,,,,no_menu
373,373,373,,,,no_menu
374,374,374,,,,no_menu
375,375,375,,,,no_menu
376,376,376,,,,no_menu
377,377,377,,,,no_menu
378,378,378,,,,no_menu
379,379,379,,,,no_menu
380,380,380,,,,no_menu
381,381,381,,,,no_menu
382,382,382,,,,no_menu
383,383,383,,,,no_menu
384,384,384,,,,no_menu
385,385,385,,,,no_menu
386,386,386,,,,no_menu
387,387,387,,,,no_menu
388,388,388,,,,no_menu
389,389,389,,,,no_menu
390,390,390,,,,no_menu
391,391,391,,,,no_menu
392,392,392,,,,no_menu
393,393,393,,,,no_menu
394,394,394,,,,no_menu
395,395,395,,,,no_menu
396,396,396,,,,no_menu
397,397,397,,,,no_menu
398,398,398,,,,no_menu
399,399,399,,,,no_menu
400,400,400,,,,no_menu
401,401,401,,,,no_menu
402,402,402,,,,no_menu
403,403,403,,,,no_menu
404,404,404,,,,no_menu
405,405,405,,,,no_menu
406,406,406,,,,no_menu
407,407,407,,,,no_menu
